<!DOCTYPE profile>
<profile>
 <data name="CommandPrefix">0x0</data>
 <data name="UseObjectsQueue">True</data>
 <data name="ShowCorpseNames">False</data>
 <data name="ShowCreatureNames">False</data>
 <data name="OpenCorpses">True</data>
 <data name="OpenCorpsesRange">0x2</data>
 <data name="ShowMobileHits">True</data>
 <data name="PositionInTitle">False</data>
 <data name="ForceResolution">True</data>
 <data name="GameWindowWidth">0x41a</data>
 <data name="GameWindowHeight">0x320</data>
 <data name="FilterLight">True</data>
 <data name="FilterMusic">False</data>
 <data name="FilterBardsMusic">False</data>
 <data name="FilterSound">False</data>
 <data name="FilterWeather">False</data>
 <data name="FilterSeason">False</data>
 <data name="FixedSeason">0x0</data>
 <data name="FilterDeath">True</data>
 <data name="FilterRepeatedMessages">False</data>
 <data name="FilterOthersSpeechColor">False</data>
 <data name="FilterSnoopingMessages">False</data>
 <data name="FilterTradeWindow">False</data>
 <data name="FilterRewardGump">False</data>
 <data name="HandsBeforePotions">False</data>
 <data name="HandsBeforeCasting">False</data>
 <data name="SmartTarget">0x0</data>
 <data name="SmartTargetRange">True</data>
 <data name="SmartTargetRangeValue">0xc</data>
 <data name="HighlightCurrentTarget">True</data>
 <data name="BlockInvalidHeal">False</data>
 <data name="ActionDelay">0x258</data>
 <data name="UseObjectsLimit">0x5</data>
 <data name="TargetShare">0x1</data>
 <data name="MountSerial">0xffffffff</data>
 <data name="BladeSerial">0xffffffff</data>
 <data name="BoneCutter">False</data>
 <data name="AutoMount">False</data>
 <data name="AutoBandage">False</data>
 <data name="AutoBandageTarget">0x0</data>
 <data name="AutoBandageScale">False</data>
 <data name="AutoBandageCount">False</data>
 <data name="AutoBandageStart">False</data>
 <data name="AutoBandageStartValue">0x5f</data>
 <data name="AutoBandageDelay">0x9c4</data>
 <data name="AutoBandageFormula">False</data>
 <data name="AutoBandageHidden">False</data>
 <data name="OpenDoors">True</data>
 <data name="UseDoors">False</data>
 <data name="SpellsColor">True</data>
 <data name="SpellsMode">0x1</data>
 <data name="SpellsTargetShare">0x0</data>
 <data name="OpenDoorsMode">0x3</data>
 <data name="OpenCorpsesMode">0x3</data>
 <data name="ShowMobileFlags">True</data>
 <data name="StateHighlightMode">0x0</data>
 <data name="StaticFields">True</data>
 <data name="CountStealthSteps">False</data>
 <data name="FriendsListOnly">False</data>
 <data name="FriendsParty">True</data>
 <data name="MoveConflictingItems">False</data>
 <data name="CustomCaption">True</data>
 <data name="CustomCaptionMode">0x1</data>
 <data name="CustomCaptionText">crim (- $criminaltimer -) %mr%bp%bm%gi%ga%ss%sa%ns   +$hits+ [] ^$stam^ [] *$mana* $statusbar STAT $strength [] $dexterity [] $intelligence =====      $bandagetimer      ===== %bandage %gh%gc%gr%ag%gs%ge% W = $weight ^$maxweight^</data>
 <data name="WarnCounters">True</data>
 <data name="WarnCountersValue">0x5</data>
 <data name="HighlightReagents">True</data>
 <data name="DisplayCountersName">False</data>
 <data name="CaptionUseNotoHue">True</data>
 <data name="CaptionUseNotoHue">True</data>
 <data name="DisplayCountersImage">True</data>
 <data name="FilterKarmaMessages">True</data>
 <data name="FilterFameMessages">True</data>
 <data name="PreventDismount">False</data>
 <data name="PreventAttackFriends">True</data>
 <data name="AutoSearchContainers">False</data>
 <data name="AutoAcceptParty">False</data>
 <data name="StaticFieldsMode">0x0</data>
 <friends>
  <friend name="Defiler">0x1208</friend>
  <friend name="Hydra">0x5ef74</friend>
 </friends>
 <counters>
  <counter graphic="0xf7b" format="bm" image="True" color="0x0" enabled="True" name="Blood Moss"/>
  <counter graphic="0xf86" format="mr" image="True" color="0x0" enabled="True" name="Mandrake Root"/>
  <counter graphic="0xf7a" format="bp" image="True" color="0x0" enabled="True" name="Black Pearl"/>
  <counter graphic="0xf88" format="ns" image="True" color="0x0" enabled="True" name="Nightshade"/>
  <counter graphic="0xf8c" format="sa" image="True" color="0x0" enabled="True" name="Sulfurous Ash"/>
  <counter graphic="0xf85" format="gi" image="True" color="0x0" enabled="True" name="Ginseng"/>
  <counter graphic="0xf84" format="ga" image="True" color="0x0" enabled="True" name="Garlic"/>
  <counter graphic="0xf8d" format="ss" image="True" color="0x0" enabled="True" name="Spiders' Silk"/>
  <counter graphic="0xe21" format="bandage" image="True" color="0x0" enabled="True" name="clean bandage"/>
  <counter graphic="0xf0c" format="gh" image="True" color="0x0" enabled="True" name="Yellow Potion"/>
  <counter graphic="0xf07" format="gc" image="True" color="0x0" enabled="True" name="Orange Potion"/>
  <counter graphic="0xf0b" format="gr" image="True" color="0x0" enabled="True" name="Red Potion"/>
  <counter graphic="0xf09" format="gs" image="True" color="0x0" enabled="True" name="White Potion"/>
  <counter graphic="0xf08" format="ag" image="True" color="0x0" enabled="True" name="Blue Potion"/>
  <counter graphic="0xf0d" format="ge" image="True" color="0x0" enabled="True" name="Purple Potion"/>
 </counters>
 <vendors>
  <buystate list="" enabled="False"/>
  <sellstate list="" enabled="False"/>
 </vendors>
 <autosearchexemptions/>
 <objects/>
 <hotkeys>
  <hotkey param="1Heal" action="macro.play" pass="False" key="0x31"/>
  <hotkey param="1Cure" action="macro.play" pass="False" key="0x32"/>
  <hotkey param="1GHeal" action="macro.play" pass="False" key="0x33"/>
  <hotkey param="1Bless" action="macro.play" pass="False" key="0x34"/>
  <hotkey param="1Strength" action="macro.play" pass="False" key="0x458"/>
  <hotkey param="1Agility" action="macro.play" pass="False" key="0x443"/>
  <hotkey param="1Cunning" action="macro.play" pass="False" key="0x456"/>
  <hotkey param="2Harm" action="macro.play" pass="False" key="0x41"/>
  <hotkey param="2MagicArrow" action="macro.play" pass="False" key="0x441"/>
  <hotkey param="2Poison" action="macro.play" pass="False" key="0x53"/>
  <hotkey param="2Lightning" action="macro.play" pass="False" key="0x44"/>
  <hotkey param="2Flamestrike" action="macro.play" pass="False" key="0x46"/>
  <hotkey param="2MindBlast" action="macro.play" pass="False" key="0x57"/>
  <hotkey param="2Explosion" action="macro.play" pass="False" key="0x45"/>
  <hotkey param="2EnergyBolt" action="macro.play" pass="False" key="0x52"/>
  <hotkey param="2Paralyze" action="macro.play" pass="False" key="0x5a"/>
  <hotkey param="2Weaken" action="macro.play" pass="False" key="0x58"/>
  <hotkey param="2Clumsy" action="macro.play" pass="False" key="0x43"/>
  <hotkey param="2Feeblemind" action="macro.play" pass="False" key="0x56"/>
  <hotkey param="2Curse" action="macro.play" pass="False" key="0x42"/>
  <hotkey param="3Teleport" action="macro.play" pass="False" key="0x854"/>
  <hotkey param="3HomeRecall" action="macro.play" pass="False" key="0x220"/>
  <hotkey param="3Hide" action="macro.play" pass="False" key="0x48"/>
  <hotkey param="3PotionGH" action="macro.play" pass="False" key="0x70"/>
  <hotkey param="3PotionGA GS" action="macro.play" pass="False" key="0x71"/>
  <hotkey param="3PotionGR" action="macro.play" pass="False" key="0x72"/>
  <hotkey param="3PotionGE" action="macro.play" pass="False" key="0x73"/>
  <hotkey param="3Bandage" action="macro.play" pass="False" key="0x8c0"/>
  <hotkey param="3Pouch" action="macro.play" pass="False" key="0x420"/>
  <hotkey param="3Meditation" action="macro.play" pass="False" key="0x14"/>
  <hotkey param="3NameStopResync" action="macro.play" pass="True" key="0xd"/>
  <hotkey param="3Gate Auto Enter" action="macro.play" pass="False" key="0x847"/>
  <hotkey param="3Knife Farm" action="macro.play" pass="False" key="0x75"/>
  <hotkey param="3Scissors Farm" action="macro.play" pass="False" key="0x875"/>
  <hotkey param="4Bank say" action="macro.play" pass="False" key="0x442"/>
  <hotkey param="4Home secure" action="macro.play" pass="False" key="0x2d"/>
  <hotkey param="4Home release" action="macro.play" pass="False" key="0x2e"/>
  <hotkey param="4All Come" action="macro.play" pass="False" key="0x79"/>
  <hotkey param="4All Guard" action="macro.play" pass="False" key="0x77"/>
  <hotkey param="4All Kill" action="macro.play" pass="False" key="0x78"/>
  <hotkey param="4All Stay" action="macro.play" pass="False" key="0x7a"/>
  <hotkey param="3Provocation" action="macro.play" pass="False" key="0x7b"/>
  <hotkey param="3UnMount" action="macro.play" pass="False" key="0xbd"/>
  <hotkey param="4BandagePet1" action="macro.play" pass="False" key="0x4c0"/>
  <hotkey param="4Claim Pets" action="macro.play" pass="False" key="0x479"/>
  <hotkey param="4Hydra follow" action="macro.play" pass="False" key="0xdb"/>
  <hotkey param="4Defiler follow" action="macro.play" pass="False" key="0xdd"/>
  <hotkey param="4BandagePet2" action="macro.play" pass="False" key="0xcc0"/>
  <hotkey param="5Clear Hands" action="macro.play" pass="False" key="0x451"/>
  <hotkey param="5Weapon Set" action="macro.play" pass="False" key="0xc51"/>
  <hotkey param="5Weapon Arm" action="macro.play" pass="False" key="0x51"/>
  <hotkey param="5Katana Arm" action="macro.play" pass="False" key="0x851"/>
  <hotkey param="5UnDress Armor" action="macro.play" pass="False" key="0x28"/>
  <hotkey param="5Dress Leather" action="macro.play" pass="False" key="0x26"/>
  <hotkey param="5Dress Dragon" action="macro.play" pass="False" key="0x826"/>
  <hotkey param="5Dress BlessArmor" action="macro.play" pass="False" key="0xc26"/>
  <hotkey param="3Mount Set" action="macro.play" pass="False" key="0x8bb"/>
  <hotkey param="3Mount" action="macro.play" pass="False" key="0xbb"/>
  <hotkey param="3Head Cut" action="macro.play" pass="False" key="0x874"/>
  <hotkey param="3Drop on Ground" action="macro.play" pass="False" key="0x474"/>
  <hotkey action="hotkeys" pass="False" key="0x1b"/>
  <hotkey action="mapuo" pass="False" key="0x44d"/>
  <hotkey action="actions.grabitem" pass="False" key="0x74"/>
  <hotkey action="agents.togglescavenger" pass="False" key="0x76"/>
  <hotkey action="spells.magery.heal" pass="False" key="0x831"/>
  <hotkey action="spells.magery.cure" pass="False" key="0x832"/>
  <hotkey action="spells.magery.greaterheal" pass="False" key="0x833"/>
  <hotkey action="spells.magery.bless" pass="False" key="0x834"/>
  <hotkey action="spells.magery.magicreflection" pass="False" key="0x35"/>
  <hotkey action="spells.magery.protection" pass="False" key="0x36"/>
  <hotkey action="spells.magery.dispel" pass="False" key="0x244"/>
  <hotkey action="spells.magery.dispelfield" pass="False" key="0x444"/>
  <hotkey action="spells.magery.harm" pass="False" key="0x841"/>
  <hotkey action="spells.magery.poison" pass="False" key="0x853"/>
  <hotkey action="spells.magery.lightning" pass="False" key="0x844"/>
  <hotkey action="spells.magery.flamestrike" pass="False" key="0x846"/>
  <hotkey action="spells.magery.mindblast" pass="False" key="0x857"/>
  <hotkey action="spells.magery.explosion" pass="False" key="0x845"/>
  <hotkey action="spells.magery.energybolt" pass="False" key="0x852"/>
  <hotkey action="spells.magery.paralyze" pass="False" key="0x85a"/>
  <hotkey action="spells.magery.weaken" pass="False" key="0x858"/>
  <hotkey action="spells.magery.clumsy" pass="False" key="0x843"/>
  <hotkey action="spells.magery.feeblemind" pass="False" key="0x856"/>
  <hotkey action="spells.magery.curse" pass="False" key="0x842"/>
  <hotkey action="spells.magery.teleport" pass="False" key="0x54"/>
  <hotkey action="spells.magery.wallofstone" pass="False" key="0x457"/>
  <hotkey action="spells.magery.firefield" pass="False" key="0x446"/>
  <hotkey action="spells.magery.poisonfield" pass="False" key="0x453"/>
  <hotkey action="spells.magery.paralyzefield" pass="False" key="0x45a"/>
  <hotkey action="spells.magery.invisibility" pass="False" key="0x848"/>
  <hotkey action="spells.magery.massdispel" pass="False" key="0x644"/>
  <hotkey action="spells.magery.reveal" pass="False" key="0x452"/>
  <hotkey action="main.ping" pass="False" key="0x450"/>
  <hotkey action="targeting.get.enemy.next.any.humanoid" pass="False" key="0x103"/>
  <hotkey action="targeting.target.self" pass="False" key="0x102"/>
  <hotkey action="targeting.target.enemy" pass="False" key="0x101"/>
  <hotkey action="targeting.target.friend" pass="False" key="0x502"/>
  <hotkey action="targeting.set.enemy" pass="False" key="0x4"/>
  <hotkey action="targeting.set.friend" pass="False" key="0x404"/>
  <hotkey action="targeting.attack.enemy" pass="False" key="0x901"/>
  <hotkey action="targeting.target.cancel" pass="False" key="0x501"/>
 </hotkeys>
 <macros>
  <macro interrupt="True" loop="False" name="1Heal">if poisoned 'self';autotargetself;cast "Cure";else;if hits != maxhits;autotargetself;cast "Heal";endif;endif;</macro>
  <macro interrupt="True" loop="False" name="1Cure">if poisoned 'self';autotargetself;cast "Cure";endif;</macro>
  <macro interrupt="True" loop="False" name="1GHeal">if poisoned 'self';autotargetself;cast "Cure";else;if hits != maxhits;autotargetself;cast "Greater Heal";endif;endif;</macro>
  <macro interrupt="True" loop="False" name="1Bless">autotargetself;cast "bless";</macro>
  <macro interrupt="True" loop="False" name="1Strength">autotargetself;cast "Strength";</macro>
  <macro interrupt="True" loop="False" name="1Agility">autotargetself;cast "Agility";</macro>
  <macro interrupt="True" loop="False" name="1Cunning">autotargetself;cast "Cunning";</macro>
  <macro interrupt="True" loop="False" name="2Harm">cast "Harm";target 'enemy';</macro>
  <macro interrupt="True" loop="False" name="2MagicArrow">cast "Magic Arrow";target 'enemy';</macro>
  <macro interrupt="True" loop="False" name="2Poison">cast "Poison";target 'enemy';</macro>
  <macro interrupt="True" loop="False" name="2Lightning">cast "Lightning";target 'enemy';</macro>
  <macro interrupt="True" loop="False" name="2Flamestrike">cast "Flame strike";target 'enemy';</macro>
  <macro interrupt="True" loop="False" name="2MindBlast">cast "Mind Blast";target 'enemy';</macro>
  <macro interrupt="True" loop="False" name="2Explosion">cast "Explosion";target 'enemy';</macro>
  <macro interrupt="True" loop="False" name="2EnergyBolt">cast "Energy Bolt";target 'enemy';</macro>
  <macro interrupt="True" loop="False" name="2Paralyze">cast "Paralyze";target 'enemy';</macro>
  <macro interrupt="True" loop="False" name="2Weaken">cast "Weaken";target 'enemy';</macro>
  <macro interrupt="True" loop="False" name="2Clumsy">cast "Clumsy";target 'enemy';</macro>
  <macro interrupt="True" loop="False" name="2Feeblemind">cast "Feeblemind";target 'enemy';</macro>
  <macro interrupt="True" loop="False" name="2Curse">cast "Curse";target 'enemy';</macro>
  <macro interrupt="True" loop="False" name="3Teleport">autotargettilerelative 'self' 11;cast "Teleport";</macro>
  <macro interrupt="True" loop="False" name="3HomeRecall">usetype 0x22c5 '2128' 'backpack';waitforgump 0x554b87f3 15000;replygump 0x554b87f3 2;</macro>
  <macro interrupt="True" loop="False" name="3Hide">if not hidden;useskill "Hiding";endif;</macro>
  <macro interrupt="True" loop="False" name="3PotionGH">if @findlayer 'self' 2;togglehands 'left';pause 600;endif;if poisoned 'self';msg '[drink greatercurepotion';pause 600;else;msg '[drink greaterhealpotion';endif;pause 600;</macro>
  <macro interrupt="True" loop="False" name="3PotionGA GS">if @findlayer 'self' 2;togglehands 'left';pause 600;endif;msg '[drink greateragilitypotion';pause 600;msg '[drink greaterstrengthpotion';</macro>
  <macro interrupt="True" loop="False" name="3PotionGR">if @findlayer 'self' 2;togglehands 'left';pause 600;endif;msg '[drink totalrefreshpotion';</macro>
  <macro interrupt="True" loop="False" name="3PotionGE">cleartargetqueue;clearjournal;cleartargetqueue;//usetype! '0xf0d';msg '[drink greaterexplosionpotion';waitfortarget 1500;canceltarget;//;waitforjournal '2' 4000;pause 350;// BASED ON YOUR PING;//usetype! '0xf0d';msg '[drink greaterexplosionpotion';waitfortarget 1500;//;if not @inrange 'enemy' 12;targettileoffset (0 3 0);stop;endif;//;target! 'enemy';targettileoffset (0 3 0);</macro>
  <macro interrupt="True" loop="False" name="3Bandage">usetype 0xe21 'any' 'backpack';</macro>
  <macro interrupt="True" loop="False" name="3Pouch">msg [pouch;</macro>
  <macro interrupt="True" loop="False" name="3Meditation">if @findlayer 'self' 2;togglehands 'left';pause 600;useskill 'Meditation';else;useskill 'Meditation';endif;</macro>
  <macro interrupt="True" loop="False" name="3NameStopResync">shownames;resync;stop;</macro>
  <macro interrupt="True" loop="False" name="3Gate Auto Enter">//Enter Gate Macro//;if @findtype 0xf6c 'any' 'ground' 1 2;sysmsg 'Moongate found, lets go!' 80;useobject! 'found';endif;</macro>
  <macro interrupt="True" loop="False" name="3Knife Farm">//knife;usetype 0xf52 'any' 'backpack';waitingfortarget;</macro>
  <macro interrupt="True" loop="False" name="3Scissors Farm">usetype 0xf9f 'any' 'backpack;</macro>
  <macro interrupt="True" loop="False" name="4Bank say">msg "Bank Guards Vendor Buy";</macro>
  <macro interrupt="True" loop="False" name="4Home secure">msg 'I wish to secure this';</macro>
  <macro interrupt="True" loop="False" name="4Home release">msg 'I wish to release this';</macro>
  <macro interrupt="True" loop="False" name="4All Come">msg 'all come';</macro>
  <macro interrupt="True" loop="False" name="4All Guard">msg 'all guard';</macro>
  <macro interrupt="True" loop="False" name="4All Kill">msg 'all kill';</macro>
  <macro interrupt="True" loop="False" name="4All Stay">msg 'all stay';</macro>
  <macro interrupt="True" loop="False" name="3Provocation">useskill 'Provocation';</macro>
  <macro interrupt="True" loop="False" name="3UnMount">useobject 'self';</macro>
  <macro interrupt="True" loop="True" name="4BandagePet1">if not findalias 'Hydra';headmsg 'select Hydra';promptalias 'Hydra';endif;usetype  0xe21 'backpack';target 'Hydra';pause 5500;</macro>
  <macro interrupt="True" loop="False" name="4Claim Pets">msg 'claim Hydra';pause 1500;msg 'claim Defiler';</macro>
  <macro interrupt="True" loop="False" name="4Hydra follow">msg 'Hydra follow me';</macro>
  <macro interrupt="True" loop="False" name="4Defiler follow">msg 'Defiler follow me';</macro>
  <macro interrupt="True" loop="True" name="4BandagePet2">if not findalias 'Defiler';headmsg 'select Defiler';promptalias 'Defiler';endif;usetype  0xe21 'backpack';target 'Defiler';pause 5500;</macro>
  <macro interrupt="True" loop="False" name="5Clear Hands">clearhands 'both';</macro>
  <macro interrupt="True" loop="False" name="5Weapon Set">@unsetalias 'Weapon';pause 200;@unsetalias 'Shield';pause 200;//Finds object in the hands in your paperdoll and sets aliases to both;@setalias 'Weapon' 'righthand';pause 200;@setalias 'Shield' 'lefthand';pause 200;sysmsg 'Set Done' 32;</macro>
  <macro interrupt="True" loop="False" name="5Weapon Arm">if not @findobject 'righthand';@equipitem 'Weapon' 1;pause 150;endif;if not @findobject 'lefthand';@equipitem 'Shield' 2;endif;</macro>
  <macro interrupt="True" loop="False" name="5Katana Arm">togglehands 'right';pause 600;@equipitem 0x40cc6199 2;pause 600;if not @findobject 'lefthand';@equipitem 'Shield' 2;pause 600;endif;playmacro '5Weapon Set';</macro>
  <macro interrupt="True" loop="False" name="5UnDress Armor">if @findlayer 'self' 4;moveitem 'found' 'backpack' 65535 65535 0;pause 500;endif;//tunic;if @findlayer 'self' 13;moveitem 'found' 'backpack' 65535 65535 0;pause 500;endif;//sleeves;if @findlayer 'self' 19;moveitem 'found' 'backpack' 65535 65535 0;pause 500;endif;//gloves;if @findlayer 'self' 7;moveitem 'found' 'backpack' 65535 65535 0;pause 500;endif;//gorget;if @findlayer 'self' 10;moveitem 'found' 'backpack' 65535 65535 0;pause 500;endif;//cap;if @findlayer 'self' 6;moveitem 'found' 'backpack' 65535 65535 0;pause 500;endif;</macro>
  <macro interrupt="True" loop="False" name="5Dress Leather">if @findtype 0x13cb 'any' 'backpack';equipitem 'found' 13;pause 500;endif;if @findtype 0x13cc 'any' 'backpack';equipitem 'found' 13;pause 500;endif;if @findtype 0x1db9 'any' 'backpack';equipitem 'found' 13;pause 500;endif;if @findtype 0x13c7 'any' 'backpack';equipitem 'found' 13;pause 500;endif;if @findtype 0x13c6 'any' 'backpack';equipitem 'found' 13;pause 500;endif;if @findtype 0x13cd 'any' 'backpack';equipitem 'found' 13;pause 500;endif;</macro>
  <macro interrupt="True" loop="False" name="5Dress Dragon">// Dragon tunic;if @findtype 0x2641 'any' 'backpack';equipitem 'found' 13;pause 500;endif;// Dragon leggings;if @findtype 0x2647 'any' 'backpack';equipitem 'found' 13;pause 500;endif;// Dragon sleeves;if @findtype 0x2657 'any' 'backpack';equipitem 'found' 13;pause 500;endif;// Dragon gloves;if @findtype 0x2643 'any' 'backpack';equipitem 'found' 13;pause 500;endif;// Dragon helm;if @findtype 0x2645 'any' 'backpack';equipitem 'found' 13;pause 500;endif;// Dragon gorget;if @findtype 0x2b69 'any' 'backpack';equipitem 'found' 13;pause 500;endif;// Cloack;if @findtype 0x1515 'any' 'backpack';equipitem 'found' 13;pause 500;endif;// Mask;if @findtype 0x1549 'any' 'backpack';equipitem 'found' 13;pause 500;endif;</macro>
  <macro interrupt="True" loop="False" name="5Dress BlessArmor">// ringtunic;if @findtype 0x13ec 'any' 'backpack';equipitem 'found' 13;pause 500;endif;// ring leggings;if @findtype 0x13f0 'any' 'backpack';equipitem 'found' 13;pause 500;endif;// ring sleeves;if @findtype 0x13ee 'any' 'backpack';equipitem 'found' 13;pause 500;endif;// ring gloves;if @findtype 0x13eb 'any' 'backpack';equipitem 'found' 13;pause 500;endif;// ring helm;if @findtype 0x140e 'any' 'backpack';equipitem 'found' 13;pause 500;endif;// ring gorget;if @findtype 0x13d6 'any' 'backpack';equipitem 'found' 13;pause 500;endif;// Mask;if @findtype 0x1549 'any' 'backpack';equipitem 'found' 13;pause 500;endif;// half apron;if @findtype 0x153b 'any' 'backpack';equipitem 'found' 12;pause 500;endif;// doublet;if @findtype 0x1f7b 'any' 'backpack';equipitem 'found' 17;pause 500;endif;// robe;if @findtype 0x1f03 'any' 'backpack';equipitem 'found' 22;pause 500;endif;// cloak;equipitem 0x414e1275 20;pause 500;// cloak;if @findtype 0x1515 'any' 'backpack';equipitem 'found' 20;pause 500;endif;</macro>
  <macro interrupt="True" loop="False" name="5Dress Mix Valorite">// ringtunic;if @findtype 0x13ec 'any' 'backpack';equipitem 'found' 13;pause 500;endif;// chain leggings;if @findtype 0x13be 'any' 'backpack';equipitem 'found' 13;pause 500;endif;// ring sleeves;if @findtype 0x13ee 'any' 'backpack';equipitem 'found' 13;pause 500;endif;// ring gloves;if @findtype 0x13eb 'any' 'backpack';equipitem 'found' 13;pause 500;endif;// plate helm;if @findtype 0x1412 'any' 'backpack';equipitem 'found' 13;pause 500;endif;// plate gorget;if @findtype 0x1413 'any' 'backpack';equipitem 'found' 13;pause 500;endif;// Cloack;if @findtype 0x1515 'any' 'backpack';equipitem 'found' 13;pause 500;endif;// Mask;if @findtype 0x1549 'any' 'backpack';equipitem 'found' 13;pause 500;endif;</macro>
  <macro interrupt="True" loop="False" name="3Mount Set">unsetalias 'Mount_Pet';pause 300;headmsg 'Select Mount';promptalias 'Mount_Pet';</macro>
  <macro interrupt="True" loop="False" name="3Mount">if not findalias 'Mount_Pet';headmsg 'Select Mount';promptalias 'Mount_Pet';else;useobject 'Mount_Pet';endif;</macro>
  <macro interrupt="True" loop="False" name="3Head Cut">usetype 0xf52 'any' 'backpack';</macro>
  <macro interrupt="True" loop="False" name="3Drop on Ground">unsetalias 'Garbage_drop';pause 200;headmsg 'Select Garbage';promptalias 'Garbage_drop';moveitemoffset Garbage_drop 'ground' 0 1 0;</macro>
 </macros>
 <scavenger enabled="False">
  <scavenge graphic="0x1ce1" color="0x0" enabled="True"/>
  <scavenge graphic="0x14f0" color="0x481" enabled="True"/>
  <scavenge graphic="0xeed" color="0x0" enabled="True"/>
 </scavenger>
 <autoloot>
  <enabled>False</enabled>
  <container>0xffffffff</container>
  <guards>False</guards>
 </autoloot>
 <organizer>
  <group source="0x6175650" target="0x773a2acc" complete="False" loop="False" stack="False" name="Regs 50 Bandage 100">
   <item graphic="0xf7b" amount="0x32"/>
   <item graphic="0xf86" amount="0x32"/>
   <item graphic="0xf7a" amount="0x32"/>
   <item graphic="0xf88" amount="0x32"/>
   <item graphic="0xf8c" amount="0x32"/>
   <item graphic="0xf85" amount="0x32"/>
   <item graphic="0xf84" amount="0x32"/>
   <item graphic="0xf8d" amount="0x32"/>
   <item graphic="0xe21" amount="0x64"/>
  </group>
  <group source="0x6175650" target="0x773a2acc" complete="False" loop="False" stack="False" name="Regs Recall 150">
   <item graphic="0xf7b" amount="0x96"/>
   <item graphic="0xf86" amount="0x96"/>
   <item graphic="0xf7a" amount="0x96"/>
  </group>
  <group source="0x6175650" target="0x773a2acc" complete="False" loop="False" stack="False" name="Regs100 Bandage100">
   <item graphic="0xf7b" amount="0x64"/>
   <item graphic="0xf86" amount="0x64"/>
   <item graphic="0xf7a" amount="0x64"/>
   <item graphic="0xf88" amount="0x64"/>
   <item graphic="0xf8c" amount="0x64"/>
   <item graphic="0xf85" amount="0x64"/>
   <item graphic="0xf84" amount="0x64"/>
   <item graphic="0xf8d" amount="0x64"/>
   <item graphic="0xe21" amount="0x64"/>
  </group>
  <group source="0x6175650" target="0x773a2acc" complete="False" loop="False" stack="False" name="Recall Runes">
   <item graphic="0x1f14" amount="0x0"/>
  </group>
 </organizer>
 <spellgrid>
  <grid locked="True" x="576" y="807" enabled="True" name="Magery Grid"/>
 </spellgrid>
</profile>
