<!DOCTYPE config>
<config>
 <data name="LastProfile">Alucard.xml</data>
 <data name="SmartProfile">True</data>
 <data name="AlwaysOnTop">False</data>
 <data name="ReduceCPU">True</data>
 <data name="LootSystem">0</data>
 <data name="NegotiateFeatures">True</data>
 <data name="SavePasswords">False</data>
 <data name="ExpandedEditor">True</data>
 <data name="MinimizeToTray">False</data>
 <data name="LightLevel">0</data>
 <links/>
 <snapshots>
  <imageFormat>png</imageFormat>
  <delay>0</delay>
  <datetime>True</datetime>
  <ownDeath>False</ownDeath>
  <othersDeath>False</othersDeath>
  <cropPixels>False</cropPixels>
  <cropTop>0</cropTop>
  <cropBottom>0</cropBottom>
  <cropLeft>0</cropLeft>
  <cropRight>0</cropRight>
 </snapshots>
 <mapuo>
  <geometry height="306" x="1064" y="728" width="347"/>
  <zoom>1</zoom>
  <borderless>False</borderless>
  <smoothImage>False</smoothImage>
  <visibilityLinked>True</visibilityLinked>
  <openOnLogin>False</openOnLogin>
  <displayStatics>True</displayStatics>
  <displayGuardZones>True</displayGuardZones>
  <displayDeathMarker>True</displayDeathMarker>
  <displayCoordinates>True</displayCoordinates>
  <displayDirections>True</displayDirections>
  <displayPartyMembers>True</displayPartyMembers>
  <displayGuildMembers>False</displayGuildMembers>
  <displayTeamHits>True</displayTeamHits>
 </mapuo>
 <autoloot/>
 <spellgrid>
  <grid name="Magery Grid">
   <slot id="32" x="0" y="0"/>
   <slot id="7" x="0" y="2"/>
   <slot id="45" x="1" y="0"/>
   <slot id="17" x="1" y="2"/>
   <slot id="52" x="2" y="0"/>
   <slot id="2" x="2" y="2"/>
   <slot id="34" x="3" y="0"/>
   <slot id="13" x="3" y="2"/>
   <slot id="41" x="4" y="0"/>
   <slot id="58" x="4" y="1"/>
   <slot id="21" x="4" y="2"/>
   <slot id="54" x="5" y="0"/>
   <slot id="33" x="5" y="1"/>
   <slot id="61" x="5" y="2"/>
   <slot id="44" x="6" y="0"/>
   <slot id="35" x="6" y="1"/>
   <slot id="56" x="6" y="2"/>
   <slot id="48" x="7" y="0"/>
   <slot id="59" x="7" y="1"/>
   <slot id="55" x="7" y="2"/>
   <slot id="57" x="8" y="2"/>
   <slot id="46" x="9" y="2"/>
  </grid>
 </spellgrid>
</config>
