<!DOCTYPE profile>
<profile>
 <data name="CommandPrefix">0x0</data>
 <data name="UseObjectsQueue">True</data>
 <data name="ShowCorpseNames">False</data>
 <data name="ShowCreatureNames">False</data>
 <data name="OpenCorpses">True</data>
 <data name="OpenCorpsesRange">0x2</data>
 <data name="ShowMobileHits">True</data>
 <data name="PositionInTitle">False</data>
 <data name="ForceResolution">True</data>
 <data name="GameWindowWidth">0x41a</data>
 <data name="GameWindowHeight">0x320</data>
 <data name="FilterLight">True</data>
 <data name="FilterMusic">False</data>
 <data name="FilterBardsMusic">False</data>
 <data name="FilterSound">False</data>
 <data name="FilterWeather">False</data>
 <data name="FilterSeason">False</data>
 <data name="FixedSeason">0x0</data>
 <data name="FilterDeath">True</data>
 <data name="FilterRepeatedMessages">False</data>
 <data name="FilterOthersSpeechColor">False</data>
 <data name="FilterSnoopingMessages">False</data>
 <data name="FilterTradeWindow">False</data>
 <data name="FilterRewardGump">False</data>
 <data name="HandsBeforePotions">False</data>
 <data name="HandsBeforeCasting">False</data>
 <data name="SmartTarget">0x0</data>
 <data name="SmartTargetRange">True</data>
 <data name="SmartTargetRangeValue">0xc</data>
 <data name="HighlightCurrentTarget">True</data>
 <data name="BlockInvalidHeal">False</data>
 <data name="ActionDelay">0x258</data>
 <data name="UseObjectsLimit">0x5</data>
 <data name="TargetShare">0x1</data>
 <data name="MountSerial">0xffffffff</data>
 <data name="BladeSerial">0xffffffff</data>
 <data name="BoneCutter">False</data>
 <data name="AutoMount">False</data>
 <data name="AutoBandage">False</data>
 <data name="AutoBandageTarget">0x0</data>
 <data name="AutoBandageScale">False</data>
 <data name="AutoBandageCount">False</data>
 <data name="AutoBandageStart">False</data>
 <data name="AutoBandageStartValue">0x5f</data>
 <data name="AutoBandageDelay">0x9c4</data>
 <data name="AutoBandageFormula">False</data>
 <data name="AutoBandageHidden">False</data>
 <data name="OpenDoors">True</data>
 <data name="UseDoors">False</data>
 <data name="SpellsColor">True</data>
 <data name="SpellsMode">0x1</data>
 <data name="SpellsTargetShare">0x0</data>
 <data name="OpenDoorsMode">0x3</data>
 <data name="OpenCorpsesMode">0x3</data>
 <data name="ShowMobileFlags">True</data>
 <data name="StateHighlightMode">0x0</data>
 <data name="StaticFields">True</data>
 <data name="CountStealthSteps">False</data>
 <data name="FriendsListOnly">False</data>
 <data name="FriendsParty">True</data>
 <data name="MoveConflictingItems">False</data>
 <data name="CustomCaption">True</data>
 <data name="CustomCaptionMode">0x1</data>
 <data name="CustomCaptionText">crim (- $criminaltimer -) %mr%bp%bm%gi%ga%ss%sa%ns   +$hits+ [] ^$stam^ [] *$mana* $statusbar STAT $strength [] $dexterity [] $intelligence =====      $bandagetimer      ===== %bandage %gh%gc%gr%ag%gs%ge% W = $weight ^$maxweight^</data>
 <data name="WarnCounters">True</data>
 <data name="WarnCountersValue">0x5</data>
 <data name="HighlightReagents">True</data>
 <data name="DisplayCountersName">False</data>
 <data name="CaptionUseNotoHue">True</data>
 <data name="CaptionUseNotoHue">True</data>
 <data name="DisplayCountersImage">True</data>
 <data name="FilterKarmaMessages">True</data>
 <data name="FilterFameMessages">True</data>
 <data name="PreventDismount">False</data>
 <data name="PreventAttackFriends">True</data>
 <data name="AutoSearchContainers">False</data>
 <data name="AutoAcceptParty">False</data>
 <data name="StaticFieldsMode">0x0</data>
 <friends>
  <friend name="Defiler">0x1208</friend>
  <friend name="Hydra">0x5ef74</friend>
 </friends>
 <counters>
  <counter name="Blood Moss" image="True" color="0x0" enabled="True" graphic="0xf7b" format="bm"/>
  <counter name="Mandrake Root" image="True" color="0x0" enabled="True" graphic="0xf86" format="mr"/>
  <counter name="Black Pearl" image="True" color="0x0" enabled="True" graphic="0xf7a" format="bp"/>
  <counter name="Nightshade" image="True" color="0x0" enabled="True" graphic="0xf88" format="ns"/>
  <counter name="Sulfurous Ash" image="True" color="0x0" enabled="True" graphic="0xf8c" format="sa"/>
  <counter name="Ginseng" image="True" color="0x0" enabled="True" graphic="0xf85" format="gi"/>
  <counter name="Garlic" image="True" color="0x0" enabled="True" graphic="0xf84" format="ga"/>
  <counter name="Spiders' Silk" image="True" color="0x0" enabled="True" graphic="0xf8d" format="ss"/>
  <counter name="clean bandage" image="True" color="0x0" enabled="True" graphic="0xe21" format="bandage"/>
  <counter name="Yellow Potion" image="True" color="0x0" enabled="True" graphic="0xf0c" format="gh"/>
  <counter name="Orange Potion" image="True" color="0x0" enabled="True" graphic="0xf07" format="gc"/>
  <counter name="Red Potion" image="True" color="0x0" enabled="True" graphic="0xf0b" format="gr"/>
  <counter name="White Potion" image="True" color="0x0" enabled="True" graphic="0xf09" format="gs"/>
  <counter name="Blue Potion" image="True" color="0x0" enabled="True" graphic="0xf08" format="ag"/>
  <counter name="Purple Potion" image="True" color="0x0" enabled="True" graphic="0xf0d" format="ge"/>
 </counters>
 <vendors>
  <buystate list="" enabled="False"/>
  <sellstate list="" enabled="False"/>
 </vendors>
 <autosearchexemptions/>
 <objects/>
 <hotkeys>
  <hotkey action="macro.play" key="0x31" pass="False" param="1Heal"/>
  <hotkey action="macro.play" key="0x32" pass="False" param="1Cure"/>
  <hotkey action="macro.play" key="0x33" pass="False" param="1GHeal"/>
  <hotkey action="macro.play" key="0x34" pass="False" param="1Bless"/>
  <hotkey action="macro.play" key="0x458" pass="False" param="1Strength"/>
  <hotkey action="macro.play" key="0x443" pass="False" param="1Agility"/>
  <hotkey action="macro.play" key="0x456" pass="False" param="1Cunning"/>
  <hotkey action="macro.play" key="0x41" pass="False" param="2Harm"/>
  <hotkey action="macro.play" key="0x441" pass="False" param="2MagicArrow"/>
  <hotkey action="macro.play" key="0x53" pass="False" param="2Poison"/>
  <hotkey action="macro.play" key="0x44" pass="False" param="2Lightning"/>
  <hotkey action="macro.play" key="0x46" pass="False" param="2Flamestrike"/>
  <hotkey action="macro.play" key="0x57" pass="False" param="2MindBlast"/>
  <hotkey action="macro.play" key="0x45" pass="False" param="2Explosion"/>
  <hotkey action="macro.play" key="0x52" pass="False" param="2EnergyBolt"/>
  <hotkey action="macro.play" key="0x5a" pass="False" param="2Paralyze"/>
  <hotkey action="macro.play" key="0x58" pass="False" param="2Weaken"/>
  <hotkey action="macro.play" key="0x43" pass="False" param="2Clumsy"/>
  <hotkey action="macro.play" key="0x56" pass="False" param="2Feeblemind"/>
  <hotkey action="macro.play" key="0x42" pass="False" param="2Curse"/>
  <hotkey action="macro.play" key="0x854" pass="False" param="3Teleport"/>
  <hotkey action="macro.play" key="0x220" pass="False" param="3HomeRecall"/>
  <hotkey action="macro.play" key="0x48" pass="False" param="3Hide"/>
  <hotkey action="macro.play" key="0x70" pass="False" param="3PotionGH"/>
  <hotkey action="macro.play" key="0x71" pass="False" param="3PotionGA GS"/>
  <hotkey action="macro.play" key="0x72" pass="False" param="3PotionGR"/>
  <hotkey action="macro.play" key="0x73" pass="False" param="3PotionGE"/>
  <hotkey action="macro.play" key="0x8c0" pass="False" param="3Bandage"/>
  <hotkey action="macro.play" key="0x420" pass="False" param="3Pouch"/>
  <hotkey action="macro.play" key="0x14" pass="False" param="3Meditation"/>
  <hotkey action="macro.play" key="0xd" pass="True" param="3NameStopResync"/>
  <hotkey action="macro.play" key="0x847" pass="False" param="3Gate Auto Enter"/>
  <hotkey action="macro.play" key="0x75" pass="False" param="3Knife Farm"/>
  <hotkey action="macro.play" key="0x875" pass="False" param="3Scissors Farm"/>
  <hotkey action="macro.play" key="0x442" pass="False" param="4Bank say"/>
  <hotkey action="macro.play" key="0x2d" pass="False" param="4Home secure"/>
  <hotkey action="macro.play" key="0x2e" pass="False" param="4Home release"/>
  <hotkey action="macro.play" key="0x79" pass="False" param="4All Come"/>
  <hotkey action="macro.play" key="0x77" pass="False" param="4All Guard"/>
  <hotkey action="macro.play" key="0x78" pass="False" param="4All Kill"/>
  <hotkey action="macro.play" key="0x7a" pass="False" param="4All Stay"/>
  <hotkey action="macro.play" key="0x7b" pass="False" param="3Provocation"/>
  <hotkey action="macro.play" key="0xbd" pass="False" param="3UnMount"/>
  <hotkey action="macro.play" key="0x4c0" pass="False" param="4BandagePet1"/>
  <hotkey action="macro.play" key="0x479" pass="False" param="4Claim Pets"/>
  <hotkey action="macro.play" key="0xdb" pass="False" param="4Hydra follow"/>
  <hotkey action="macro.play" key="0xdd" pass="False" param="4Defiler follow"/>
  <hotkey action="macro.play" key="0xcc0" pass="False" param="4BandagePet2"/>
  <hotkey action="macro.play" key="0x451" pass="False" param="5Clear Hands"/>
  <hotkey action="macro.play" key="0xc51" pass="False" param="5Weapon Set"/>
  <hotkey action="macro.play" key="0x51" pass="False" param="5Weapon Arm"/>
  <hotkey action="macro.play" key="0x851" pass="False" param="5Katana Arm"/>
  <hotkey action="macro.play" key="0x28" pass="False" param="5UnDress Armor"/>
  <hotkey action="macro.play" key="0x26" pass="False" param="5Dress Leather"/>
  <hotkey action="macro.play" key="0x826" pass="False" param="5Dress Dragon"/>
  <hotkey action="macro.play" key="0xc26" pass="False" param="5Dress BlessArmor"/>
  <hotkey action="macro.play" key="0x8bb" pass="False" param="3Mount Set"/>
  <hotkey action="macro.play" key="0xbb" pass="False" param="3Mount"/>
  <hotkey action="macro.play" key="0x874" pass="False" param="3Head Cut"/>
  <hotkey action="hotkeys" key="0x1b" pass="False"/>
  <hotkey action="mapuo" key="0x44d" pass="False"/>
  <hotkey action="actions.grabitem" key="0x74" pass="False"/>
  <hotkey action="agents.togglescavenger" key="0x76" pass="False"/>
  <hotkey action="spells.magery.heal" key="0x831" pass="False"/>
  <hotkey action="spells.magery.cure" key="0x832" pass="False"/>
  <hotkey action="spells.magery.greaterheal" key="0x833" pass="False"/>
  <hotkey action="spells.magery.bless" key="0x834" pass="False"/>
  <hotkey action="spells.magery.magicreflection" key="0x35" pass="False"/>
  <hotkey action="spells.magery.protection" key="0x36" pass="False"/>
  <hotkey action="spells.magery.dispel" key="0x244" pass="False"/>
  <hotkey action="spells.magery.dispelfield" key="0x444" pass="False"/>
  <hotkey action="spells.magery.harm" key="0x841" pass="False"/>
  <hotkey action="spells.magery.poison" key="0x853" pass="False"/>
  <hotkey action="spells.magery.lightning" key="0x844" pass="False"/>
  <hotkey action="spells.magery.flamestrike" key="0x846" pass="False"/>
  <hotkey action="spells.magery.mindblast" key="0x857" pass="False"/>
  <hotkey action="spells.magery.explosion" key="0x845" pass="False"/>
  <hotkey action="spells.magery.energybolt" key="0x852" pass="False"/>
  <hotkey action="spells.magery.paralyze" key="0x85a" pass="False"/>
  <hotkey action="spells.magery.weaken" key="0x858" pass="False"/>
  <hotkey action="spells.magery.clumsy" key="0x843" pass="False"/>
  <hotkey action="spells.magery.feeblemind" key="0x856" pass="False"/>
  <hotkey action="spells.magery.curse" key="0x842" pass="False"/>
  <hotkey action="spells.magery.teleport" key="0x54" pass="False"/>
  <hotkey action="spells.magery.wallofstone" key="0x457" pass="False"/>
  <hotkey action="spells.magery.firefield" key="0x446" pass="False"/>
  <hotkey action="spells.magery.poisonfield" key="0x453" pass="False"/>
  <hotkey action="spells.magery.paralyzefield" key="0x45a" pass="False"/>
  <hotkey action="spells.magery.invisibility" key="0x848" pass="False"/>
  <hotkey action="spells.magery.massdispel" key="0x644" pass="False"/>
  <hotkey action="spells.magery.reveal" key="0x452" pass="False"/>
  <hotkey action="main.ping" key="0x450" pass="False"/>
  <hotkey action="targeting.get.enemy.next.any.humanoid" key="0x103" pass="False"/>
  <hotkey action="targeting.target.self" key="0x102" pass="False"/>
  <hotkey action="targeting.target.enemy" key="0x101" pass="False"/>
  <hotkey action="targeting.target.friend" key="0x502" pass="False"/>
  <hotkey action="targeting.set.enemy" key="0x4" pass="False"/>
  <hotkey action="targeting.set.friend" key="0x404" pass="False"/>
  <hotkey action="targeting.attack.enemy" key="0x901" pass="False"/>
  <hotkey action="targeting.target.cancel" key="0x501" pass="False"/>
 </hotkeys>
 <macros>
  <macro name="1Heal" interrupt="True" loop="False">if poisoned 'self';autotargetself;cast "Cure";else;if hits != maxhits;autotargetself;cast "Heal";endif;endif;</macro>
  <macro name="1Cure" interrupt="True" loop="False">if poisoned 'self';autotargetself;cast "Cure";endif;</macro>
  <macro name="1GHeal" interrupt="True" loop="False">if poisoned 'self';autotargetself;cast "Cure";else;if hits != maxhits;autotargetself;cast "Greater Heal";endif;endif;</macro>
  <macro name="1Bless" interrupt="True" loop="False">autotargetself;cast "bless";</macro>
  <macro name="1Strength" interrupt="True" loop="False">autotargetself;cast "Strength";</macro>
  <macro name="1Agility" interrupt="True" loop="False">autotargetself;cast "Agility";</macro>
  <macro name="1Cunning" interrupt="True" loop="False">autotargetself;cast "Cunning";</macro>
  <macro name="2Harm" interrupt="True" loop="False">cast "Harm";target 'enemy';</macro>
  <macro name="2MagicArrow" interrupt="True" loop="False">cast "Magic Arrow";target 'enemy';</macro>
  <macro name="2Poison" interrupt="True" loop="False">cast "Poison";target 'enemy';</macro>
  <macro name="2Lightning" interrupt="True" loop="False">cast "Lightning";target 'enemy';</macro>
  <macro name="2Flamestrike" interrupt="True" loop="False">cast "Flame strike";target 'enemy';</macro>
  <macro name="2MindBlast" interrupt="True" loop="False">cast "Mind Blast";target 'enemy';</macro>
  <macro name="2Explosion" interrupt="True" loop="False">cast "Explosion";target 'enemy';</macro>
  <macro name="2EnergyBolt" interrupt="True" loop="False">cast "Energy Bolt";target 'enemy';</macro>
  <macro name="2Paralyze" interrupt="True" loop="False">cast "Paralyze";target 'enemy';</macro>
  <macro name="2Weaken" interrupt="True" loop="False">cast "Weaken";target 'enemy';</macro>
  <macro name="2Clumsy" interrupt="True" loop="False">cast "Clumsy";target 'enemy';</macro>
  <macro name="2Feeblemind" interrupt="True" loop="False">cast "Feeblemind";target 'enemy';</macro>
  <macro name="2Curse" interrupt="True" loop="False">cast "Curse";target 'enemy';</macro>
  <macro name="3Teleport" interrupt="True" loop="False">autotargettilerelative 'self' 11;cast "Teleport";</macro>
  <macro name="3HomeRecall" interrupt="True" loop="False">usetype 0x22c5 '2128' 'backpack';waitforgump 0x554b87f3 15000;replygump 0x554b87f3 2;</macro>
  <macro name="3Hide" interrupt="True" loop="False">if not hidden;useskill "Hiding";endif;</macro>
  <macro name="3PotionGH" interrupt="True" loop="False">if @findlayer 'self' 2;togglehands 'left';pause 600;endif;if poisoned 'self';msg '[drink greatercurepotion';pause 600;else;msg '[drink greaterhealpotion';endif;pause 600;</macro>
  <macro name="3PotionGA GS" interrupt="True" loop="False">if @findlayer 'self' 2;togglehands 'left';pause 600;endif;msg '[drink greateragilitypotion';pause 600;msg '[drink greaterstrengthpotion';</macro>
  <macro name="3PotionGR" interrupt="True" loop="False">if @findlayer 'self' 2;togglehands 'left';pause 600;endif;msg '[drink totalrefreshpotion';</macro>
  <macro name="3PotionGE" interrupt="True" loop="False">cleartargetqueue;clearjournal;cleartargetqueue;usetype! '0xf0d';waitfortarget 1500;canceltarget;//;waitforjournal '2' 4000;pause 400 // BASED ON YOUR PING;usetype! '0xf0d';waitfortarget 1500;//;if not @inrange 'enemy' 12;targettileoffset (0 3 0);stop;endif;//;target! 'enemy';targettileoffset (0 3 0);</macro>
  <macro name="3Bandage" interrupt="True" loop="False">usetype 0xe21 'any' 'backpack';</macro>
  <macro name="3Pouch" interrupt="True" loop="False">msg [pouch;</macro>
  <macro name="3Meditation" interrupt="True" loop="False">if @findlayer 'self' 2;togglehands 'left';pause 600;useskill 'Meditation';else;useskill 'Meditation';endif;</macro>
  <macro name="3NameStopResync" interrupt="True" loop="False">shownames;resync;stop;</macro>
  <macro name="3Gate Auto Enter" interrupt="True" loop="False">//Enter Gate Macro//;if @findtype 0xf6c 'any' 'ground' 1 2;sysmsg 'Moongate found, lets go!' 80;useobject! 'found';endif;</macro>
  <macro name="3Knife Farm" interrupt="True" loop="False">//knife;usetype 0xf52 'any' 'backpack';waitingfortarget;</macro>
  <macro name="3Scissors Farm" interrupt="True" loop="False">usetype 0xf9f 'any' 'backpack;</macro>
  <macro name="4Bank say" interrupt="True" loop="False">msg "Bank Guards Vendor Buy";</macro>
  <macro name="4Home secure" interrupt="True" loop="False">msg 'I wish to secure this';</macro>
  <macro name="4Home release" interrupt="True" loop="False">msg 'I wish to release this';</macro>
  <macro name="4All Come" interrupt="True" loop="False">msg 'all come';</macro>
  <macro name="4All Guard" interrupt="True" loop="False">msg 'all guard';</macro>
  <macro name="4All Kill" interrupt="True" loop="False">msg 'all kill';</macro>
  <macro name="4All Stay" interrupt="True" loop="False">msg 'all stay';</macro>
  <macro name="3Provocation" interrupt="True" loop="False">useskill 'Provocation';</macro>
  <macro name="3UnMount" interrupt="True" loop="False">useobject 'self';</macro>
  <macro name="4BandagePet1" interrupt="True" loop="False">if not findalias 'Hydra';headmsg 'select Hydra';promptalias 'Hydra';endif;usetype  0xe21 'backpack';target 'Hydra';pause 5500;</macro>
  <macro name="4Claim Pets" interrupt="True" loop="False">msg 'claim Hydra';pause 1500;msg 'claim Defiler';</macro>
  <macro name="4Hydra follow" interrupt="True" loop="False">msg 'Hydra follow me';</macro>
  <macro name="4Defiler follow" interrupt="True" loop="False">msg 'Defiler follow me';</macro>
  <macro name="4BandagePet2" interrupt="True" loop="False">if not findalias 'Defiler';headmsg 'select Defiler';promptalias 'Defiler';endif;usetype  0xe21 'backpack';target 'Defiler';pause 5500;</macro>
  <macro name="5Clear Hands" interrupt="True" loop="False">clearhands 'both';</macro>
  <macro name="5Weapon Set" interrupt="True" loop="False">@unsetalias 'Weapon';pause 200;@unsetalias 'Shield';pause 200;//Finds object in the hands in your paperdoll and sets aliases to both;@setalias 'Weapon' 'righthand';pause 200;@setalias 'Shield' 'lefthand';pause 200;sysmsg 'Set Done' 32;</macro>
  <macro name="5Weapon Arm" interrupt="True" loop="False">if not @findobject 'righthand';@equipitem 'Weapon' 1;pause 150;endif;if not @findobject 'lefthand';@equipitem 'Shield' 2;endif;</macro>
  <macro name="5Katana Arm" interrupt="True" loop="False">togglehands 'right';pause 600;@equipitem 0x40cc6199 2;pause 600;if not @findobject 'lefthand';@equipitem 'Shield' 2;pause 600;endif;playmacro '5Weapon Set';</macro>
  <macro name="5UnDress Armor" interrupt="True" loop="False">if @findlayer 'self' 4;moveitem 'found' 'backpack' 65535 65535 0;pause 500;endif;//tunic;if @findlayer 'self' 13;moveitem 'found' 'backpack' 65535 65535 0;pause 500;endif;//sleeves;if @findlayer 'self' 19;moveitem 'found' 'backpack' 65535 65535 0;pause 500;endif;//gloves;if @findlayer 'self' 7;moveitem 'found' 'backpack' 65535 65535 0;pause 500;endif;//gorget;if @findlayer 'self' 10;moveitem 'found' 'backpack' 65535 65535 0;pause 500;endif;//cap;if @findlayer 'self' 6;moveitem 'found' 'backpack' 65535 65535 0;pause 500;endif;</macro>
  <macro name="5Dress Leather" interrupt="True" loop="False">if @findtype 0x13cb 'any' 'backpack';equipitem 'found' 13;pause 500;endif;if @findtype 0x13cc 'any' 'backpack';equipitem 'found' 13;pause 500;endif;if @findtype 0x1db9 'any' 'backpack';equipitem 'found' 13;pause 500;endif;if @findtype 0x13c7 'any' 'backpack';equipitem 'found' 13;pause 500;endif;if @findtype 0x13c6 'any' 'backpack';equipitem 'found' 13;pause 500;endif;if @findtype 0x13cd 'any' 'backpack';equipitem 'found' 13;pause 500;endif;</macro>
  <macro name="5Dress Dragon" interrupt="True" loop="False">// Dragon tunic;if @findtype 0x2641 'any' 'backpack';equipitem 'found' 13;pause 500;endif;// Dragon leggings;if @findtype 0x2647 'any' 'backpack';equipitem 'found' 13;pause 500;endif;// Dragon sleeves;if @findtype 0x2657 'any' 'backpack';equipitem 'found' 13;pause 500;endif;// Dragon gloves;if @findtype 0x2643 'any' 'backpack';equipitem 'found' 13;pause 500;endif;// Dragon helm;if @findtype 0x2645 'any' 'backpack';equipitem 'found' 13;pause 500;endif;// Dragon gorget;if @findtype 0x2b69 'any' 'backpack';equipitem 'found' 13;pause 500;endif;// Cloack;if @findtype 0x1515 'any' 'backpack';equipitem 'found' 13;pause 500;endif;// Mask;if @findtype 0x1549 'any' 'backpack';equipitem 'found' 13;pause 500;endif;</macro>
  <macro name="5Dress BlessArmor" interrupt="True" loop="False">// ringtunic;if @findtype 0x13ec 'any' 'backpack';equipitem 'found' 13;pause 500;endif;// ring leggings;if @findtype 0x13f0 'any' 'backpack';equipitem 'found' 13;pause 500;endif;// ring sleeves;if @findtype 0x13ee 'any' 'backpack';equipitem 'found' 13;pause 500;endif;// ring gloves;if @findtype 0x13eb 'any' 'backpack';equipitem 'found' 13;pause 500;endif;// ring helm;if @findtype 0x140e 'any' 'backpack';equipitem 'found' 13;pause 500;endif;// ring gorget;if @findtype 0x13d6 'any' 'backpack';equipitem 'found' 13;pause 500;endif;// Mask;if @findtype 0x1549 'any' 'backpack';equipitem 'found' 13;pause 500;endif;// half apron;if @findtype 0x153b 'any' 'backpack';equipitem 'found' 12;pause 500;endif;// doublet;if @findtype 0x1f7b 'any' 'backpack';equipitem 'found' 17;pause 500;endif;// robe;if @findtype 0x1f03 'any' 'backpack';equipitem 'found' 22;pause 500;endif;// cloak;equipitem 0x414e1275 20;pause 500;// cloak;if @findtype 0x1515 'any' 'backpack';equipitem 'found' 20;pause 500;endif;</macro>
  <macro name="5Dress Mix Valorite" interrupt="True" loop="False">// ringtunic;if @findtype 0x13ec 'any' 'backpack';equipitem 'found' 13;pause 500;endif;// chain leggings;if @findtype 0x13be 'any' 'backpack';equipitem 'found' 13;pause 500;endif;// ring sleeves;if @findtype 0x13ee 'any' 'backpack';equipitem 'found' 13;pause 500;endif;// ring gloves;if @findtype 0x13eb 'any' 'backpack';equipitem 'found' 13;pause 500;endif;// plate helm;if @findtype 0x1412 'any' 'backpack';equipitem 'found' 13;pause 500;endif;// plate gorget;if @findtype 0x1413 'any' 'backpack';equipitem 'found' 13;pause 500;endif;// Cloack;if @findtype 0x1515 'any' 'backpack';equipitem 'found' 13;pause 500;endif;// Mask;if @findtype 0x1549 'any' 'backpack';equipitem 'found' 13;pause 500;endif;</macro>
  <macro name="3Mount Set" interrupt="True" loop="False">unsetalias 'Mount_Pet';pause 300;headmsg 'Select Mount';promptalias 'Mount_Pet';</macro>
  <macro name="3Mount" interrupt="True" loop="False">if not findalias 'Mount_Pet';headmsg 'Select Mount';promptalias 'Mount_Pet';else;useobject 'Mount_Pet';endif;</macro>
  <macro name="3Head Cut" interrupt="True" loop="False">usetype 0xf52 'any' 'backpack';</macro>
 </macros>
 <scavenger enabled="False">
  <scavenge color="0x0" enabled="True" graphic="0x1ce1"/>
  <scavenge color="0x481" enabled="True" graphic="0x14f0"/>
  <scavenge color="0x0" enabled="True" graphic="0xeed"/>
 </scavenger>
 <autoloot>
  <enabled>False</enabled>
  <container>0xffffffff</container>
  <guards>False</guards>
 </autoloot>
 <spellgrid>
  <grid name="Magery Grid" locked="True" x="576" enabled="True" y="807"/>
 </spellgrid>
 <organizer>
  <group name="Regs 50 Bandage 100" target="0x773a2acc" complete="False" stack="False" source="0x6175650" loop="False">
   <item amount="0x32" graphic="0xf7b"/>
   <item amount="0x32" graphic="0xf86"/>
   <item amount="0x32" graphic="0xf7a"/>
   <item amount="0x32" graphic="0xf88"/>
   <item amount="0x32" graphic="0xf8c"/>
   <item amount="0x32" graphic="0xf85"/>
   <item amount="0x32" graphic="0xf84"/>
   <item amount="0x32" graphic="0xf8d"/>
   <item amount="0x64" graphic="0xe21"/>
  </group>
  <group name="Regs Recall 150" target="0x773a2acc" complete="False" stack="False" source="0x6175650" loop="False">
   <item amount="0x96" graphic="0xf7b"/>
   <item amount="0x96" graphic="0xf86"/>
   <item amount="0x96" graphic="0xf7a"/>
  </group>
  <group name="Regs100 Bandage100" target="0x773a2acc" complete="False" stack="False" source="0x6175650" loop="False">
   <item amount="0x64" graphic="0xf7b"/>
   <item amount="0x64" graphic="0xf86"/>
   <item amount="0x64" graphic="0xf7a"/>
   <item amount="0x64" graphic="0xf88"/>
   <item amount="0x64" graphic="0xf8c"/>
   <item amount="0x64" graphic="0xf85"/>
   <item amount="0x64" graphic="0xf84"/>
   <item amount="0x64" graphic="0xf8d"/>
   <item amount="0x64" graphic="0xe21"/>
  </group>
  <group name="Recall Runes" target="0x773a2acc" complete="False" stack="False" source="0x6175650" loop="False">
   <item amount="0x0" graphic="0x1f14"/>
  </group>
 </organizer>
</profile>
