<!DOCTYPE profile>
<profile>
 <data name="CommandPrefix">0x0</data>
 <data name="UseObjectsQueue">True</data>
 <data name="ShowCorpseNames">False</data>
 <data name="ShowCreatureNames">False</data>
 <data name="OpenCorpses">True</data>
 <data name="OpenCorpsesRange">0x2</data>
 <data name="ShowMobileHits">True</data>
 <data name="PositionInTitle">False</data>
 <data name="ForceResolution">True</data>
 <data name="GameWindowWidth">0x41a</data>
 <data name="GameWindowHeight">0x320</data>
 <data name="FilterLight">True</data>
 <data name="FilterMusic">False</data>
 <data name="FilterBardsMusic">False</data>
 <data name="FilterSound">False</data>
 <data name="FilterWeather">False</data>
 <data name="FilterSeason">False</data>
 <data name="FixedSeason">0x0</data>
 <data name="FilterDeath">True</data>
 <data name="FilterRepeatedMessages">False</data>
 <data name="FilterOthersSpeechColor">False</data>
 <data name="FilterSnoopingMessages">False</data>
 <data name="FilterTradeWindow">False</data>
 <data name="FilterRewardGump">False</data>
 <data name="HandsBeforePotions">False</data>
 <data name="HandsBeforeCasting">False</data>
 <data name="SmartTarget">0x0</data>
 <data name="SmartTargetRange">True</data>
 <data name="SmartTargetRangeValue">0xc</data>
 <data name="HighlightCurrentTarget">True</data>
 <data name="BlockInvalidHeal">False</data>
 <data name="ActionDelay">0x258</data>
 <data name="UseObjectsLimit">0x5</data>
 <data name="TargetShare">0x1</data>
 <data name="MountSerial">0xffffffff</data>
 <data name="BladeSerial">0xffffffff</data>
 <data name="BoneCutter">False</data>
 <data name="AutoMount">False</data>
 <data name="AutoBandage">False</data>
 <data name="AutoBandageTarget">0x0</data>
 <data name="AutoBandageScale">False</data>
 <data name="AutoBandageCount">False</data>
 <data name="AutoBandageStart">False</data>
 <data name="AutoBandageStartValue">0x5f</data>
 <data name="AutoBandageDelay">0x9c4</data>
 <data name="AutoBandageFormula">False</data>
 <data name="AutoBandageHidden">False</data>
 <data name="OpenDoors">True</data>
 <data name="UseDoors">False</data>
 <data name="SpellsColor">True</data>
 <data name="SpellsMode">0x1</data>
 <data name="SpellsTargetShare">0x0</data>
 <data name="OpenDoorsMode">0x3</data>
 <data name="OpenCorpsesMode">0x3</data>
 <data name="ShowMobileFlags">True</data>
 <data name="StateHighlightMode">0x0</data>
 <data name="StaticFields">True</data>
 <data name="CountStealthSteps">False</data>
 <data name="FriendsListOnly">False</data>
 <data name="FriendsParty">True</data>
 <data name="MoveConflictingItems">False</data>
 <data name="CustomCaption">True</data>
 <data name="CustomCaptionMode">0x1</data>
 <data name="CustomCaptionText">crim (- $criminaltimer -) %mr%bp%bm%gi%ga%ss%sa%ns   +$hits+ [] ^$stam^ [] *$mana* $statusbar STAT $strength [] $dexterity [] $intelligence =====      $bandagetimer      ===== %bandage %gh%gc%gr%ag%gs%ge% W = $weight ^$maxweight^</data>
 <data name="WarnCounters">True</data>
 <data name="WarnCountersValue">0x5</data>
 <data name="HighlightReagents">True</data>
 <data name="DisplayCountersName">False</data>
 <data name="CaptionUseNotoHue">True</data>
 <data name="CaptionUseNotoHue">True</data>
 <data name="DisplayCountersImage">True</data>
 <data name="FilterKarmaMessages">True</data>
 <data name="FilterFameMessages">True</data>
 <data name="PreventDismount">False</data>
 <data name="PreventAttackFriends">True</data>
 <data name="AutoSearchContainers">False</data>
 <data name="AutoAcceptParty">False</data>
 <data name="StaticFieldsMode">0x0</data>
 <friends>
  <friend name="Hydra">0x5ef74</friend>
  <friend name="Defiler">0x1208</friend>
 </friends>
 <counters>
  <counter graphic="0xf7b" name="Blood Moss" image="True" enabled="True" format="bm" color="0x0"/>
  <counter graphic="0xf86" name="Mandrake Root" image="True" enabled="True" format="mr" color="0x0"/>
  <counter graphic="0xf7a" name="Black Pearl" image="True" enabled="True" format="bp" color="0x0"/>
  <counter graphic="0xf88" name="Nightshade" image="True" enabled="True" format="ns" color="0x0"/>
  <counter graphic="0xf8c" name="Sulfurous Ash" image="True" enabled="True" format="sa" color="0x0"/>
  <counter graphic="0xf85" name="Ginseng" image="True" enabled="True" format="gi" color="0x0"/>
  <counter graphic="0xf84" name="Garlic" image="True" enabled="True" format="ga" color="0x0"/>
  <counter graphic="0xf8d" name="Spiders' Silk" image="True" enabled="True" format="ss" color="0x0"/>
  <counter graphic="0xe21" name="clean bandage" image="True" enabled="True" format="bandage" color="0x0"/>
  <counter graphic="0xf0c" name="Yellow Potion" image="True" enabled="True" format="gh" color="0x0"/>
  <counter graphic="0xf07" name="Orange Potion" image="True" enabled="True" format="gc" color="0x0"/>
  <counter graphic="0xf0b" name="Red Potion" image="True" enabled="True" format="gr" color="0x0"/>
  <counter graphic="0xf09" name="White Potion" image="True" enabled="True" format="gs" color="0x0"/>
  <counter graphic="0xf08" name="Blue Potion" image="True" enabled="True" format="ag" color="0x0"/>
  <counter graphic="0xf0d" name="Purple Potion" image="True" enabled="True" format="ge" color="0x0"/>
 </counters>
 <vendors>
  <buystate list="" enabled="False"/>
  <sellstate list="" enabled="False"/>
 </vendors>
 <autosearchexemptions/>
 <objects/>
 <hotkeys>
  <hotkey param="1Heal" pass="False" action="macro.play" key="0x31"/>
  <hotkey param="1Cure" pass="False" action="macro.play" key="0x32"/>
  <hotkey param="1GHeal" pass="False" action="macro.play" key="0x33"/>
  <hotkey param="1Bless" pass="False" action="macro.play" key="0x34"/>
  <hotkey param="1Strength" pass="False" action="macro.play" key="0x458"/>
  <hotkey param="1Agility" pass="False" action="macro.play" key="0x443"/>
  <hotkey param="1Cunning" pass="False" action="macro.play" key="0x456"/>
  <hotkey param="2Harm" pass="False" action="macro.play" key="0x41"/>
  <hotkey param="2MagicArrow" pass="False" action="macro.play" key="0x441"/>
  <hotkey param="2Poison" pass="False" action="macro.play" key="0x53"/>
  <hotkey param="2Lightning" pass="False" action="macro.play" key="0x44"/>
  <hotkey param="2Flamestrike" pass="False" action="macro.play" key="0x46"/>
  <hotkey param="2MindBlast" pass="False" action="macro.play" key="0x57"/>
  <hotkey param="2Explosion" pass="False" action="macro.play" key="0x45"/>
  <hotkey param="2EnergyBolt" pass="False" action="macro.play" key="0x52"/>
  <hotkey param="2Paralyze" pass="False" action="macro.play" key="0x5a"/>
  <hotkey param="2Weaken" pass="False" action="macro.play" key="0x58"/>
  <hotkey param="2Clumsy" pass="False" action="macro.play" key="0x43"/>
  <hotkey param="2Feeblemind" pass="False" action="macro.play" key="0x56"/>
  <hotkey param="2Curse" pass="False" action="macro.play" key="0x42"/>
  <hotkey param="3Teleport" pass="False" action="macro.play" key="0x854"/>
  <hotkey param="3HomeRecall" pass="False" action="macro.play" key="0x220"/>
  <hotkey param="3Hide" pass="False" action="macro.play" key="0x48"/>
  <hotkey param="3PotionGH" pass="False" action="macro.play" key="0x70"/>
  <hotkey param="3PotionGA GS" pass="False" action="macro.play" key="0x71"/>
  <hotkey param="3PotionGR" pass="False" action="macro.play" key="0x72"/>
  <hotkey param="3PotionGE" pass="False" action="macro.play" key="0x73"/>
  <hotkey param="3Bandage" pass="False" action="macro.play" key="0x8c0"/>
  <hotkey param="3Pouch" pass="False" action="macro.play" key="0x420"/>
  <hotkey param="3Meditation" pass="False" action="macro.play" key="0x14"/>
  <hotkey param="3NameStopResync" pass="True" action="macro.play" key="0xd"/>
  <hotkey param="3Gate Auto Enter" pass="False" action="macro.play" key="0x847"/>
  <hotkey param="3Knife Farm" pass="False" action="macro.play" key="0x75"/>
  <hotkey param="3Scissors Farm" pass="False" action="macro.play" key="0x875"/>
  <hotkey param="4Bank say" pass="False" action="macro.play" key="0x442"/>
  <hotkey param="4Home secure" pass="False" action="macro.play" key="0x2d"/>
  <hotkey param="4Home release" pass="False" action="macro.play" key="0x2e"/>
  <hotkey param="4All Come" pass="False" action="macro.play" key="0x79"/>
  <hotkey param="4All Guard" pass="False" action="macro.play" key="0x77"/>
  <hotkey param="4All Kill" pass="False" action="macro.play" key="0x78"/>
  <hotkey param="4All Stay" pass="False" action="macro.play" key="0x7a"/>
  <hotkey param="3Provocation" pass="False" action="macro.play" key="0x7b"/>
  <hotkey param="3UnMount" pass="False" action="macro.play" key="0xbd"/>
  <hotkey param="4BandagePet1" pass="False" action="macro.play" key="0x4c0"/>
  <hotkey param="4Claim Pets" pass="False" action="macro.play" key="0x479"/>
  <hotkey param="4Hydra follow" pass="False" action="macro.play" key="0xdb"/>
  <hotkey param="4Defiler follow" pass="False" action="macro.play" key="0xdd"/>
  <hotkey param="4BandagePet2" pass="False" action="macro.play" key="0xcc0"/>
  <hotkey param="5Clear Hands" pass="False" action="macro.play" key="0x451"/>
  <hotkey param="5Weapon Set" pass="False" action="macro.play" key="0xc51"/>
  <hotkey param="5Weapon Arm" pass="False" action="macro.play" key="0x51"/>
  <hotkey param="5Katana Arm" pass="False" action="macro.play" key="0x851"/>
  <hotkey param="5UnDress Armor" pass="False" action="macro.play" key="0x28"/>
  <hotkey param="5Dress Leather" pass="False" action="macro.play" key="0x26"/>
  <hotkey param="5Dress Dragon" pass="False" action="macro.play" key="0x826"/>
  <hotkey param="5Dress BlessArmor" pass="False" action="macro.play" key="0xc26"/>
  <hotkey param="3Mount Set" pass="False" action="macro.play" key="0x8bb"/>
  <hotkey param="3Mount" pass="False" action="macro.play" key="0xbb"/>
  <hotkey param="3Head Cut" pass="False" action="macro.play" key="0x874"/>
  <hotkey pass="False" action="hotkeys" key="0x1b"/>
  <hotkey pass="False" action="mapuo" key="0x44d"/>
  <hotkey pass="False" action="actions.grabitem" key="0x74"/>
  <hotkey pass="False" action="agents.togglescavenger" key="0x76"/>
  <hotkey pass="False" action="spells.magery.heal" key="0x831"/>
  <hotkey pass="False" action="spells.magery.cure" key="0x832"/>
  <hotkey pass="False" action="spells.magery.greaterheal" key="0x833"/>
  <hotkey pass="False" action="spells.magery.bless" key="0x834"/>
  <hotkey pass="False" action="spells.magery.magicreflection" key="0x35"/>
  <hotkey pass="False" action="spells.magery.protection" key="0x36"/>
  <hotkey pass="False" action="spells.magery.dispel" key="0x244"/>
  <hotkey pass="False" action="spells.magery.dispelfield" key="0x444"/>
  <hotkey pass="False" action="spells.magery.harm" key="0x841"/>
  <hotkey pass="False" action="spells.magery.poison" key="0x853"/>
  <hotkey pass="False" action="spells.magery.lightning" key="0x844"/>
  <hotkey pass="False" action="spells.magery.flamestrike" key="0x846"/>
  <hotkey pass="False" action="spells.magery.mindblast" key="0x857"/>
  <hotkey pass="False" action="spells.magery.explosion" key="0x845"/>
  <hotkey pass="False" action="spells.magery.energybolt" key="0x852"/>
  <hotkey pass="False" action="spells.magery.paralyze" key="0x85a"/>
  <hotkey pass="False" action="spells.magery.weaken" key="0x858"/>
  <hotkey pass="False" action="spells.magery.clumsy" key="0x843"/>
  <hotkey pass="False" action="spells.magery.feeblemind" key="0x856"/>
  <hotkey pass="False" action="spells.magery.curse" key="0x842"/>
  <hotkey pass="False" action="spells.magery.teleport" key="0x54"/>
  <hotkey pass="False" action="spells.magery.wallofstone" key="0x457"/>
  <hotkey pass="False" action="spells.magery.firefield" key="0x446"/>
  <hotkey pass="False" action="spells.magery.poisonfield" key="0x453"/>
  <hotkey pass="False" action="spells.magery.paralyzefield" key="0x45a"/>
  <hotkey pass="False" action="spells.magery.invisibility" key="0x848"/>
  <hotkey pass="False" action="spells.magery.massdispel" key="0x644"/>
  <hotkey pass="False" action="spells.magery.reveal" key="0x452"/>
  <hotkey pass="False" action="main.ping" key="0x450"/>
  <hotkey pass="False" action="targeting.get.enemy.next.any.humanoid" key="0x103"/>
  <hotkey pass="False" action="targeting.target.self" key="0x102"/>
  <hotkey pass="False" action="targeting.target.enemy" key="0x101"/>
  <hotkey pass="False" action="targeting.target.friend" key="0x502"/>
  <hotkey pass="False" action="targeting.set.enemy" key="0x4"/>
  <hotkey pass="False" action="targeting.set.friend" key="0x404"/>
  <hotkey pass="False" action="targeting.attack.enemy" key="0x901"/>
  <hotkey pass="False" action="targeting.target.cancel" key="0x501"/>
 </hotkeys>
 <macros>
  <macro loop="False" name="1Heal" interrupt="True">if poisoned 'self';autotargetself;cast "Cure";else;if hits != maxhits;autotargetself;cast "Heal";endif;endif;</macro>
  <macro loop="False" name="1Cure" interrupt="True">if poisoned 'self';autotargetself;cast "Cure";endif;</macro>
  <macro loop="False" name="1GHeal" interrupt="True">if poisoned 'self';autotargetself;cast "Cure";else;if hits != maxhits;autotargetself;cast "Greater Heal";endif;endif;</macro>
  <macro loop="False" name="1Bless" interrupt="True">autotargetself;cast "bless";</macro>
  <macro loop="False" name="1Strength" interrupt="True">autotargetself;cast "Strength";</macro>
  <macro loop="False" name="1Agility" interrupt="True">autotargetself;cast "Agility";</macro>
  <macro loop="False" name="1Cunning" interrupt="True">autotargetself;cast "Cunning";</macro>
  <macro loop="False" name="2Harm" interrupt="True">cast "Harm";target 'enemy';</macro>
  <macro loop="False" name="2MagicArrow" interrupt="True">cast "Magic Arrow";target 'enemy';</macro>
  <macro loop="False" name="2Poison" interrupt="True">cast "Poison";target 'enemy';</macro>
  <macro loop="False" name="2Lightning" interrupt="True">cast "Lightning";target 'enemy';</macro>
  <macro loop="False" name="2Flamestrike" interrupt="True">cast "Flame strike";target 'enemy';</macro>
  <macro loop="False" name="2MindBlast" interrupt="True">cast "Mind Blast";target 'enemy';</macro>
  <macro loop="False" name="2Explosion" interrupt="True">cast "Explosion";target 'enemy';</macro>
  <macro loop="False" name="2EnergyBolt" interrupt="True">cast "Energy Bolt";target 'enemy';</macro>
  <macro loop="False" name="2Paralyze" interrupt="True">cast "Paralyze";target 'enemy';</macro>
  <macro loop="False" name="2Weaken" interrupt="True">cast "Weaken";target 'enemy';</macro>
  <macro loop="False" name="2Clumsy" interrupt="True">cast "Clumsy";target 'enemy';</macro>
  <macro loop="False" name="2Feeblemind" interrupt="True">cast "Feeblemind";target 'enemy';</macro>
  <macro loop="False" name="2Curse" interrupt="True">cast "Curse";target 'enemy';</macro>
  <macro loop="False" name="3Teleport" interrupt="True">autotargettilerelative 'self' 11;cast "Teleport";</macro>
  <macro loop="False" name="3HomeRecall" interrupt="True">usetype 0x22c5 '2128' 'backpack';waitforgump 0x554b87f3 15000;replygump 0x554b87f3 2;</macro>
  <macro loop="False" name="3Hide" interrupt="True">if not hidden;useskill "Hiding";endif;</macro>
  <macro loop="False" name="3PotionGH" interrupt="True">if @findlayer 'self' 2;togglehands 'left';pause 600;endif;if poisoned 'self';msg '[drink greatercurepotion';pause 600;else;msg '[drink greaterhealpotion';endif;pause 600;</macro>
  <macro loop="False" name="3PotionGA GS" interrupt="True">if @findlayer 'self' 2;togglehands 'left';pause 600;endif;msg '[drink greateragilitypotion';pause 600;msg '[drink greaterstrengthpotion';</macro>
  <macro loop="False" name="3PotionGR" interrupt="True">if @findlayer 'self' 2;togglehands 'left';pause 600;endif;msg '[drink totalrefreshpotion';</macro>
  <macro loop="False" name="3PotionGE" interrupt="True">cleartargetqueue;clearjournal;cleartargetqueue;usetype! '0xf0d';waitfortarget 1500;canceltarget;//;waitforjournal '2' 4000;pause 400 // BASED ON YOUR PING;usetype! '0xf0d';waitfortarget 1500;//;if not @inrange 'enemy' 12;targettileoffset (0 3 0);stop;endif;//;target! 'enemy';targettileoffset (0 3 0);</macro>
  <macro loop="False" name="3Bandage" interrupt="True">usetype 0xe21 'any' 'backpack';</macro>
  <macro loop="False" name="3Pouch" interrupt="True">msg [pouch;</macro>
  <macro loop="False" name="3Meditation" interrupt="True">if @findlayer 'self' 2;togglehands 'left';pause 600;useskill 'Meditation';else;useskill 'Meditation';endif;</macro>
  <macro loop="False" name="3NameStopResync" interrupt="True">shownames;resync;stop;</macro>
  <macro loop="False" name="3Gate Auto Enter" interrupt="True">//Enter Gate Macro//;if @findtype 0xf6c 'any' 'ground' 1 2;sysmsg 'Moongate found, lets go!' 80;useobject! 'found';endif;</macro>
  <macro loop="False" name="3Knife Farm" interrupt="True">//knife;usetype 0xf52 'any' 'backpack';waitingfortarget;</macro>
  <macro loop="False" name="3Scissors Farm" interrupt="True">usetype 0xf9f 'any' 'backpack;</macro>
  <macro loop="False" name="4Bank say" interrupt="True">msg "Bank Guards Vendor Buy";</macro>
  <macro loop="False" name="4Home secure" interrupt="True">msg 'I wish to secure this';</macro>
  <macro loop="False" name="4Home release" interrupt="True">msg 'I wish to release this';</macro>
  <macro loop="False" name="4All Come" interrupt="True">msg 'all come';</macro>
  <macro loop="False" name="4All Guard" interrupt="True">msg 'all guard';</macro>
  <macro loop="False" name="4All Kill" interrupt="True">msg 'all kill';</macro>
  <macro loop="False" name="4All Stay" interrupt="True">msg 'all stay';</macro>
  <macro loop="False" name="3Provocation" interrupt="True">useskill 'Provocation';</macro>
  <macro loop="False" name="3UnMount" interrupt="True">useobject 'self';</macro>
  <macro loop="False" name="4BandagePet1" interrupt="True">if not findalias 'Hydra';headmsg 'select Hydra';promptalias 'Hydra';endif;usetype  0xe21 'backpack';target 'Hydra';pause 5500;</macro>
  <macro loop="False" name="4Claim Pets" interrupt="True">msg 'claim Hydra';pause 1500;msg 'claim Defiler';</macro>
  <macro loop="False" name="4Hydra follow" interrupt="True">msg 'Hydra follow me';</macro>
  <macro loop="False" name="4Defiler follow" interrupt="True">msg 'Defiler follow me';</macro>
  <macro loop="False" name="4BandagePet2" interrupt="True">if not findalias 'Defiler';headmsg 'select Defiler';promptalias 'Defiler';endif;usetype  0xe21 'backpack';target 'Defiler';pause 5500;</macro>
  <macro loop="False" name="5Clear Hands" interrupt="True">clearhands 'both';</macro>
  <macro loop="False" name="5Weapon Set" interrupt="True">@unsetalias 'Weapon';pause 200;@unsetalias 'Shield';pause 200;//Finds object in the hands in your paperdoll and sets aliases to both;@setalias 'Weapon' 'righthand';pause 200;@setalias 'Shield' 'lefthand';pause 200;sysmsg 'Set Done' 32;</macro>
  <macro loop="False" name="5Weapon Arm" interrupt="True">if not @findobject 'righthand';@equipitem 'Weapon' 1;pause 150;endif;if not @findobject 'lefthand';@equipitem 'Shield' 2;endif;</macro>
  <macro loop="False" name="5Katana Arm" interrupt="True">togglehands 'right';pause 600;@equipitem 0x40cc6199 2;pause 600;if not @findobject 'lefthand';@equipitem 'Shield' 2;pause 600;endif;playmacro '5Weapon Set';</macro>
  <macro loop="False" name="5UnDress Armor" interrupt="True">if @findlayer 'self' 4;moveitem 'found' 'backpack' 65535 65535 0;pause 500;endif;//tunic;if @findlayer 'self' 13;moveitem 'found' 'backpack' 65535 65535 0;pause 500;endif;//sleeves;if @findlayer 'self' 19;moveitem 'found' 'backpack' 65535 65535 0;pause 500;endif;//gloves;if @findlayer 'self' 7;moveitem 'found' 'backpack' 65535 65535 0;pause 500;endif;//gorget;if @findlayer 'self' 10;moveitem 'found' 'backpack' 65535 65535 0;pause 500;endif;//cap;if @findlayer 'self' 6;moveitem 'found' 'backpack' 65535 65535 0;pause 500;endif;</macro>
  <macro loop="False" name="5Dress Leather" interrupt="True">if @findtype 0x13cb 'any' 'backpack';equipitem 'found' 13;pause 500;endif;if @findtype 0x13cc 'any' 'backpack';equipitem 'found' 13;pause 500;endif;if @findtype 0x1db9 'any' 'backpack';equipitem 'found' 13;pause 500;endif;if @findtype 0x13c7 'any' 'backpack';equipitem 'found' 13;pause 500;endif;if @findtype 0x13c6 'any' 'backpack';equipitem 'found' 13;pause 500;endif;if @findtype 0x13cd 'any' 'backpack';equipitem 'found' 13;pause 500;endif;</macro>
  <macro loop="False" name="5Dress Dragon" interrupt="True">// Dragon tunic;if @findtype 0x2641 'any' 'backpack';equipitem 'found' 13;pause 500;endif;// Dragon leggings;if @findtype 0x2647 'any' 'backpack';equipitem 'found' 13;pause 500;endif;// Dragon sleeves;if @findtype 0x2657 'any' 'backpack';equipitem 'found' 13;pause 500;endif;// Dragon gloves;if @findtype 0x2643 'any' 'backpack';equipitem 'found' 13;pause 500;endif;// Dragon helm;if @findtype 0x2645 'any' 'backpack';equipitem 'found' 13;pause 500;endif;// Dragon gorget;if @findtype 0x2b69 'any' 'backpack';equipitem 'found' 13;pause 500;endif;// Cloack;if @findtype 0x1515 'any' 'backpack';equipitem 'found' 13;pause 500;endif;// Mask;if @findtype 0x1549 'any' 'backpack';equipitem 'found' 13;pause 500;endif;</macro>
  <macro loop="False" name="5Dress BlessArmor" interrupt="True">// ringtunic;if @findtype 0x13ec 'any' 'backpack';equipitem 'found' 13;pause 500;endif;// ring leggings;if @findtype 0x13f0 'any' 'backpack';equipitem 'found' 13;pause 500;endif;// ring sleeves;if @findtype 0x13ee 'any' 'backpack';equipitem 'found' 13;pause 500;endif;// ring gloves;if @findtype 0x13eb 'any' 'backpack';equipitem 'found' 13;pause 500;endif;// ring helm;if @findtype 0x140e 'any' 'backpack';equipitem 'found' 13;pause 500;endif;// ring gorget;if @findtype 0x13d6 'any' 'backpack';equipitem 'found' 13;pause 500;endif;// Mask;if @findtype 0x1549 'any' 'backpack';equipitem 'found' 13;pause 500;endif;// half apron;if @findtype 0x153b 'any' 'backpack';equipitem 'found' 12;pause 500;endif;// doublet;if @findtype 0x1f7b 'any' 'backpack';equipitem 'found' 17;pause 500;endif;// robe;if @findtype 0x1f03 'any' 'backpack';equipitem 'found' 22;pause 500;endif;// cloak;equipitem 0x414e1275 20;pause 500;// cloak;if @findtype 0x1515 'any' 'backpack';equipitem 'found' 20;pause 500;endif;</macro>
  <macro loop="False" name="5Dress Mix Valorite" interrupt="True">// ringtunic;if @findtype 0x13ec 'any' 'backpack';equipitem 'found' 13;pause 500;endif;// chain leggings;if @findtype 0x13be 'any' 'backpack';equipitem 'found' 13;pause 500;endif;// ring sleeves;if @findtype 0x13ee 'any' 'backpack';equipitem 'found' 13;pause 500;endif;// ring gloves;if @findtype 0x13eb 'any' 'backpack';equipitem 'found' 13;pause 500;endif;// plate helm;if @findtype 0x1412 'any' 'backpack';equipitem 'found' 13;pause 500;endif;// plate gorget;if @findtype 0x1413 'any' 'backpack';equipitem 'found' 13;pause 500;endif;// Cloack;if @findtype 0x1515 'any' 'backpack';equipitem 'found' 13;pause 500;endif;// Mask;if @findtype 0x1549 'any' 'backpack';equipitem 'found' 13;pause 500;endif;</macro>
  <macro loop="False" name="3Mount Set" interrupt="True">unsetalias 'Mount_Pet';pause 300;headmsg 'Select Mount';promptalias 'Mount_Pet';</macro>
  <macro loop="False" name="3Mount" interrupt="True">if not findalias 'Mount_Pet';headmsg 'Select Mount';promptalias 'Mount_Pet';else;useobject 'Mount_Pet';endif;</macro>
  <macro loop="False" name="3Head Cut" interrupt="True">usetype 0xf52 'any' 'backpack';</macro>
  <macro loop="True" name="6Learn ALore" interrupt="True">if not findalias 'Alore_Pet';sysmsg 'Target a pet for Animal Lore';promptalias 'Alore_Pet';endif;useskill 'Animal Lore';waitfortarget 15000;target 'Alore_Pet';pause 5000;</macro>
  <macro loop="True" name="6Learn ATaming" interrupt="True">//TamerHelpervUOF By Vlek, Grunt of the Bloodclan (Bloodclan.org);//Get close to your target, press your associated key.;//CAUTION: Must watch this script. It's not as intelligent as the regular one.;if not listexists 'NameTheTamed';//Set this name to whatever you want.;createlist 'NameTheTamed';pushlist 'NameTheTamed' 'alucard';endif;if not listexists 'tameables';createlist 'tameables';pushlist 'tameables' 0x7t //Hellcat (Large);pushlist 'tameables' 0x62 //Hellhound;pushlist 'tameables' 0xbc //Savage Ridgeback;pushlist 'tameables' 0xbb //Ridgeback;pushlist 'tameables' 0x17 //Dire Wolf;pushlist 'tameables' 0xce //Lava Lizard;pushlist 'tameables' 0x14 //Frost spider;pushlist 'tameables' 0xc9 //Hellcat (Small);pushlist 'tameables' 0xda //Frenzied Ostard;pushlist 'tameables' 0x50 //Giant Toad;pushlist 'tameables' 0xe8 //Bull;pushlist 'tameables' 0xe9 //Bull2;pushlist 'tameables' 0x22 //White Wolf;pushlist 'tameables' 0x25 //White Wolf2;pushlist 'tameables' 0x1c //Giant Spider;pushlist 'tameables' 0xd4 //Grizzly Bear;pushlist 'tameables' 0xea //Great Hart;pushlist 'tameables' 0x41 //Snow leopard;pushlist 'tameables' 0x40 //Snow leopard;pushlist 'tameables' 0x19 //Gray wolf;pushlist 'tameables' 0x1b //Gray wolf2;pushlist 'tameables' 0x30 //Scorpion;pushlist 'tameables' 0xca //Alligator;pushlist 'tameables' 0x3f //Cougar;pushlist 'tameables' 0xd6 //Panther;pushlist 'tameables' 0xa7 //Brown Bear;pushlist 'tameables' 0xdd //Walrus;pushlist 'tameables' 0xd5 //Polar Bear;pushlist 'tameables' 0xd3 //Black Bear;pushlist 'tameables' 0xdc //Llama;pushlist 'tameables' 0x124 //Pack Llama;pushlist 'tameables' 0x123 //Pack Horse;pushlist 'tameables' 0xc8 //Horse;pushlist 'tameables' 0xe2 //Horse2;pushlist 'tameables' 0xcc //Horse3;pushlist 'tameables' 0xed //Giant Rat;pushlist 'tameables' 0xdb //Forest Ostard;pushlist 'tameables' 0xd2 //Desert Ostard;pushlist 'tameables' 0x122 //Boar;pushlist 'tameables' 0xe1 //Timber Wolf;pushlist 'tameables' 0xed //Hind;pushlist 'tameables' 0x51 //Bullfrog;endif;if not @inrange 'tobetamed' 2;@unsetalias 'tobetamed';for 0 in 'tameables';if @findtype tameables[] 'any' 'ground' 1 2;@setalias 'tobetamed' 'found';break;endif;endfor;endif;if not @inrange 'tobetamed' 2;headmsg 'No new creatures near you!';replay;endif;clearjournal;while name 'tobetamed' != NameTheTamed[0];autotargetobject 'tobetamed';useskill 'animal taming';pause 6000;@rename 'tobetamed' NameTheTamed[0];pause 1000;if not @inrange 'tobetamed' 1;if @x 'tobetamed' > x 'self' and @y 'tobetamed' > y 'self';walk 'Southeast';elseif @x 'tobetamed' &lt; x 'self' and @y 'tobetamed' > y 'self';walk 'Southwest';elseif @x 'tobetamed' > x 'self' and @y 'tobetamed' &lt; y 'self';walk 'Northeast';elseif @x 'tobetamed' &lt; x 'self' and @y 'tobetamed' &lt; y 'self';walk 'Northwest';elseif @x 'tobetamed' > x 'self' and @y 'tobetamed' == y 'self';walk 'East';elseif @x 'tobetamed' &lt; x 'self' and @y 'tobetamed' == y 'self';walk 'West';elseif @x 'tobetamed' == x 'self' and @y 'tobetamed' > y 'self';walk 'South';elseif @x 'tobetamed' == x 'self' and @y 'tobetamed' &lt; y 'self';walk 'North';endif;endif;endwhile;waitforcontext 'tobetamed' 8 20000;waitforgump 0x909cc741 15000;@replygump 0x909cc741 2;@ignoreobject 'tobetamed';@unsetalias 'tobetamed';replay;</macro>
  <macro loop="True" name="6Learn MageryResist" interrupt="True">//Mana drain ~ 50 - 56% (Black Pearl, Mandrake Root, Spiders' Silk) mana 11;//Invisibility ~ 56 - 81 % (Blood Moss, Nightshade) mana 20;//Mana Vampire ~ 81% - 100% (Black Pearl, Blood Moss, Mandrake Root, Spiders' Silk) mana 40;if mana &lt; 11;useskill 'meditation';while not mana == maxmana;endwhile;else;cast 'Mana Drain' 'self';pause 5000;endif;</macro>
  <macro loop="True" name="6Learn Anatomy" interrupt="True">////////////////////////////////////;//   This macro is designed for   //;//    training anatomy from 0.    //;//                                //;//  Turn on loop and click play!  //;//                                //;//      ~~Made by kdivers~~       //;////////////////////////////////////;if not @findalias 'anat';headmsg 'Select the person to train anatomy on';promptalias 'anat';endif;if skill 'anatomy' &lt; 100;useskill 'anatomy';waitfortarget 2000;target! 'anat';pause 1000;else;headmsg 'Anatomy complete!';stop;endif;</macro>
  <macro loop="True" name="6Learn ArmsLore" interrupt="True">////////////////////////////////////;//   This macro is designed for   //;//  training arms lore from 0. I  //;//  typically target my dagger.   //;//                                //;//  Turn on loop and click play!  //;//                                //;//      ~~Made by kdivers~~       //;////////////////////////////////////;if not @findalias 'lore';headmsg 'Select the item to train arms lore on';promptalias 'lore';endif;if skill 'arms lore' &lt; 100;useskill 'arms lore';waitfortarget 2000;target! 'lore';pause 1000;else;headmsg 'Arms Lore Complete!';stop;endif;</macro>
  <macro loop="True" name="6Learn Heal1" interrupt="True">////////////////////////////////////;//   This macro is designed for   //;//  training healing from 0. It   //;// requires a magical wizard hat. //;//                                //;//  Turn on loop and click play!  //;//                                //;//      ~~Made by kdivers~~       //;////////////////////////////////////;if not @findalias 'hat';headmsg "Select your magical wizard's hat";promptalias 'hat';endif;if not @findtype 0xe21 'any' 'backpack';headmsg 'Get more bandaids!';stop;endif;if skill 'healing' &lt; 100;equipitem 'hat' 6;pause 800;moveitem 'hat' 'backpack';pause 800;bandageself;pause 6000;equipitem 'hat' 6;pause 800;moveitem 'hat' 'backpack';pause 7000;else;headmsg 'Healing complete!';stop;endif;</macro>
  <macro loop="True" name="6Learn HealGhost" interrupt="True">if not @findalias 'Ghost';promptalias 'Ghost';endif;usetype 0xe21 'any' backpack;waitingfortarget;target 'Ghost';pause 12000;canceltarget;</macro>
  <macro loop="True" name="6Learn Provocation" interrupt="True">if not findalias 'npc';sysmsg 'Target an NPC';promptalias 'npc';endif;useskill 'Provocation';waitfortarget 3000;target!  'Npc';waitfortarget 3000;target!  'Self';pause 10000;</macro>
  <macro loop="True" name="6Learn Hiding" interrupt="True">////////////////////////////////////;//   This macro is designed for   //;//    training hiding from 0.     //;//                                //;//  Turn on loop and click play!  //;//                                //;//      ~~Made by kdivers~~       //;////////////////////////////////////;if skill 'hiding' &lt; 100;useskill 'hiding';pause 11000;else;headmsg 'Hiding complete!';stop;endif;</macro>
  <macro loop="True" name="6Learn Alchemy" interrupt="True">// create potion and put into keg then start macro;usetype 0xe9b any 'backpack';waitforgump 0x38920abd 15000;replygump 0x38920abd 21;waitforgump 0x38920abd 15000;replygump 0x38920abd 0;pause 2700;</macro>
  <macro loop="True" name="6Craft Recalls" interrupt="True">//create first scroll and start this macro;usetype '0xfbf' 'any' 'backpack';waitforgump '0x38920abd' 5000;replygump 0x38920abd 51;pause '1550';if mana &amp;lt;14;useskill 'meditation';while not mana == maxmana;endwhile;endif;</macro>
  <macro loop="False" name="6Craft SpellBook" interrupt="True">//===============================================================;//=---------------------Spell Book Maker------------------------=;//=-------------------------By:Hawt-----------------------------=;//=-------------------------------------------------------------=;//=--------This script will make scrolls 1-64, Place them-------=;//=-----------in the book, meditate, and adjust when------------=;//=----to use mediation Based on what scrolls you are making----=;//=----I have broke the script down pretty good in order for----=;//=--------others to learn from 'dissecting' the script --------=;//=-------------------------------------------------------------=;//===============================================================;//=Gives Target for you too select the spellbook you want filled=;//===============================================================;if not @findobject 'spellbook';sysmsg '!!!! Target Empty Spell Book !!!!' '23';promptalias 'spellbook';endif;//===============================================================;//=-----List of the gump buttons for the 8 Spell Circles.-------=;//===============================================================;if not listexists 'Circle';@createlist 'Circle';endif;if 'list' 'Circle' == '0';@pushlist 'Circle' '1';@pushlist 'Circle' '8';@pushlist 'Circle' '15';@pushlist 'Circle' '22';@pushlist 'Circle' '29';@pushlist 'Circle' '36';@pushlist 'Circle' '43';@pushlist 'Circle' '50';endif;//==============================================================;//=--------List of the gump buttons for each scroll------------=;//==============================================================;if not listexists 'Spells';@createlist 'Spells';endif;if 'list' 'Spells' == '0';@pushlist 'Spells' '2';@pushlist 'Spells' '9';@pushlist 'Spells' '16';@pushlist 'Spells' '23';@pushlist 'Spells' '30';@pushlist 'Spells' '37';@pushlist 'Spells' '44';@pushlist 'Spells' '51';endif;//==============================================================;//=-------------List of different Mana lvls--------------------=;//==============================================================;if not listexists 'Mana';@createlist 'Mana';endif;if 'list' 'Mana' == '0';@pushlist 'Mana' '4';@pushlist 'Mana' '6';@pushlist 'Mana' '9';@pushlist 'Mana' '11';@pushlist 'Mana' '14';@pushlist 'Mana' '20';@pushlist 'Mana' '40';@pushlist 'Mana' '50';endif;//==============================================================;//=--------------List all Scrolls for each spell---------------=;//==============================================================;//=----------I did not make this list i took the list----------=;//=------------from another in The script library--------------=;//=-------------------Thank you Kadoba!!-----------------------=;//=http://www.runuo.com/community/resources/fill-spellbook.57/-=;//==============================================================;if not listexists 'scrolls';@createlist 'scrolls';endif;if 'list' 'scrolls' == '0';@pushlist 'scrolls' 0x1f2d // Reactive Armor;@pushlist 'scrolls' 0x1f2e // Clumsy;@pushlist 'scrolls' 0x1f2f // Create Food;@pushlist 'scrolls' 0x1f30 // Feeblemind;@pushlist 'scrolls' 0x1f31 // Heal;@pushlist 'scrolls' 0x1f32 // Magic Arrow;@pushlist 'scrolls' 0x1f33 // Night Sight;@pushlist 'scrolls' 0x1f34 // Weaken;@pushlist 'scrolls' 0x1f35 // Agility;@pushlist 'scrolls' 0x1f36 // Cunning;@pushlist 'scrolls' 0x1f37 // Cure;@pushlist 'scrolls' 0x1f38 // Harm;@pushlist 'scrolls' 0x1f39 // Magic Trap;@pushlist 'scrolls' 0x1f3a // Magic Untrap;@pushlist 'scrolls' 0x1f3b // Protection;@pushlist 'scrolls' 0x1f3c // Strength;@pushlist 'scrolls' 0x1f3d // Bless;@pushlist 'scrolls' 0x1f3e // Fireball;@pushlist 'scrolls' 0x1f3f // Magic Lock;@pushlist 'scrolls' 0x1f40 // Poison;@pushlist 'scrolls' 0x1f41 // Telekinesis;@pushlist 'scrolls' 0x1f42 // Teleport;@pushlist 'scrolls' 0x1f43 // Unlock;@pushlist 'scrolls' 0x1f44 // Wall of Stone;@pushlist 'scrolls' 0x1f45 // Arch Cure;@pushlist 'scrolls' 0x1f46 // Arch Protection;@pushlist 'scrolls' 0x1f47 // Curse;@pushlist 'scrolls' 0x1f48 // Fire Field;@pushlist 'scrolls' 0x1f49 // Greater Heal;@pushlist 'scrolls' 0x1f4a // Lightning;@pushlist 'scrolls' 0x1f4b // Mana Drain;@pushlist 'scrolls' 0x1f4c // Recall;@pushlist 'scrolls' 0x1f4d // Blade Spirit;@pushlist 'scrolls' 0x1f4e // Dispel Field;@pushlist 'scrolls' 0x1f4f // Incognito;@pushlist 'scrolls' 0x1f50 // Magic Reflection;@pushlist 'scrolls' 0x1f51 // Mind Blast;@pushlist 'scrolls' 0x1f52 // Paralyze;@pushlist 'scrolls' 0x1f53 // Poison Field;@pushlist 'scrolls' 0x1f54 // Summon Creature;@pushlist 'scrolls' 0x1f55 // Dispel;@pushlist 'scrolls' 0x1f56 // Energy Bolt;@pushlist 'scrolls' 0x1f57 // Explosion;@pushlist 'scrolls' 0x1f58 // Invisibility;@pushlist 'scrolls' 0x1f59 // Mark;@pushlist 'scrolls' 0x1f5a // Mass Curse;@pushlist 'scrolls' 0x1f5b // Paralyze Field;@pushlist 'scrolls' 0x1f5c // Reveal;@pushlist 'scrolls' 0x1f5d // Chain Lightning;@pushlist 'scrolls' 0x1f5e // Energy Field;@pushlist 'scrolls' 0x1f5f // Flamestrike;@pushlist 'scrolls' 0x1f60 // Gate Travel;@pushlist 'scrolls' 0x1f61 // Mana Vampire;@pushlist 'scrolls' 0x1f62 // Mass Dispel;@pushlist 'scrolls' 0x1f63 // Meteor Swarm;@pushlist 'scrolls' 0x1f64 // Polymorph;@pushlist 'scrolls' 0x1f65 // Earthquake;@pushlist 'scrolls' 0x1f66 // Energy Vortex;@pushlist 'scrolls' 0x1f67 // Ressurrection;@pushlist 'scrolls' 0x1f68 // Summon Air Elemental;@pushlist 'scrolls' 0x1f69 // Summon Daemon;@pushlist 'scrolls' 0x1f6a // Summon Earth Elemental;@pushlist 'scrolls' 0x1f6b // Summon Fire Elemental;@pushlist 'scrolls' 0x1f6c // Summon Water Elemental;endif;//===============================================================;//=-------Basically telling the script when to meditate---------=;//===============================================================;if mana &lt; Mana[0];useskill 'meditation';while not mana == maxmana;endwhile;endif;//===============================================================;//=-----------------Checks for Blank Scrolls.-------------------=;//===============================================================;if not @findtype '0xef3' 'any' 'backpack';sysmsg '#### No Scrolls###';stop;endif;//===============================================================;//=---Checks for Scribe Pens, if finding one is uses the pen.---=;//===============================================================;if @usetype '0xfbf' 'any' 'backpack';waitforgump '0x38920abd' '5000';else;sysmsg '####No Pens ####' '23';stop;endif;//==============================================================;//=-----------------Gump Buttons to be pressed.----------------=;//==============================================================;replygump '0x38920abd' Circle[0];waitforgump '0x38920abd' '5000';replygump '0x38920abd' Spells[0];waitforgump '0x38920abd' '5000';pause 900;//==============================================================;//=------------Checks for Scroll to be placed in book----------=;//==============================================================;if @movetype scrolls[0] 'backpack' 'spellbook' 0 0 0 'any' '1';pause '1000';poplist 'Spells' 'front';poplist 'scrolls' 'front';endif;//==============================================================;//=--------After Finishing a complete circle of spells---------=;//=-----This changes the Spell Circle and When to meditate.----=;//==============================================================;if list 'Spells' == 0;poplist 'Circle' 'front';poplist 'Mana' 'front';endif;//==============================================================;//=----This stops the script when completeing a full book.-----=;//==============================================================;if list 'scrolls' == 0;unsetalias 'spellbook';sysmsg 'Spell Book Should Be Full' '23';stop;endif;</macro>
  <macro loop="True" name="6Craft BS Slayer" interrupt="True">// THIS USES SMITH'S HAMMER TOOL;if not findalias 'slayerbag';promptalias 'slayerbag';endif;if not hidden 'self';useskill 'hiding';endif;if listexists 'slayertype';clearlist 'slayertype';else;createlist 'slayertype';endif;//0xf5e broadsword;//0x13ff katana;//0xf4b double axe;//0x1403 short spear;//0xf49 axe;//0x1401 kryss;//0x1439 war hammer;//0x1407 war mace;//0xf47 battle axe;//==========CHANGE THIS============;pushlist 'slayertype' 0x13ff;//==========CHANGE THIS============;@usetype 0x13e3 0x0 'backpack';waitforgump 0x38920abd 30000;replygump 0x38920abd 21;pause 2000;if @injournal 'crafted a slayer' 'system';@findtype slayertype[0] 0x0 'backpack';moveitem 'found' 'slayerbag';ignoreobject 'found';clearjournal;sysmsg 'Slayer crafted!' 33;pause 1000;else;@findtype slayertype[0] 0x0 'backpack';@usetype 0x13e3 0x0 'backpack';waitforgump 0x38920abd 30000;replygump 0x38920abd 14;waitfortarget 30000;@Target! 'found';pause 1000;endif;pause 1500;if targetexists;canceltarget;endif;pause 2000;</macro>
  <macro loop="True" name="6Craft RepairScroll" interrupt="True">if not hidden 'self';useskill 'hiding';endif;usetype 0x13e3 'any' backpack;waitforgump 0x38920abd 15000;replygump 0x38920abd 42;waitfortarget 15000;target! 0x418b565f;targettype 0xef3 'any' backpack;pause 1000;if targetexists;canceltarget;endif;pause 1000;</macro>
  <macro loop="True" name="6Learn MageRelic" interrupt="True">if mana &lt; 10;useskill 'meditation';while not mana == maxmana;endwhile;else;cast 'Magic Arrow' 'enemy';pause 7000;endif;canceltarget;</macro>
  <macro loop="True" name="6Treasure Sort" interrupt="True">//removelist 'Regs_Gems';removelist 'Treasure Chest';removelist 'Trash';removelist 'Loot';// SET BAGS;if not @findobject 'Treasure Chest';headmsg 'Where Treasure Chest?';promptalias 'Treasure Chest';endif;if not @findobject 'Trash';headmsg 'Where would you like to store your Trash?';promptalias 'Trash';endif;//if not @findobject 'Regs_Gems';//  headmsg 'Where would you like to store your regs gems?';//  promptalias 'Regs_Gems';//endif;if not @findobject 'Loot';headmsg 'Where would you like to store your loot?';promptalias 'Loot';endif;//Create LIST;if not listexists 'Trash';createlist 'Trash';endif;//if not listexists 'Regs_Gems';//  createlist 'Regs_Gems';//endif;if not listexists 'Loot';createlist 'Loot';endif;//Scrolls;@pushlist 'Trash' 0x1f2e // Clumsy;@pushlist 'Trash' 0x1f2f // Create Food;@pushlist 'Trash' 0x1f30 // Feeblemind;@pushlist 'Trash' 0x1f31 // Heal;@pushlist 'Trash' 0x1f32 // Magic Arrow;@pushlist 'Trash' 0x1f33 // Night Sight;@pushlist 'Trash' 0x1f2d // Reactive Armor;@pushlist 'Trash' 0x1f34 // Weaken;@pushlist 'Trash' 0x1f35 // Agility;@pushlist 'Trash' 0x1f36 // Cunning;@pushlist 'Trash' 0x1f37 // Cure;@pushlist 'Trash' 0x1f38 // Harm;@pushlist 'Trash' 0x1f39 // Magic Trap;@pushlist 'Trash' 0x1f3a // Magic Untrap;@pushlist 'Trash' 0x1f3b // Protection;@pushlist 'Trash' 0x1f3c // Strength;@pushlist 'Trash' 0x1f3d // Bless;@pushlist 'Trash' 0x1f3e // Fireball;@pushlist 'Trash' 0x1f3f // Magic Lock;@pushlist 'Trash' 0x1f40 // Poison;@pushlist 'Trash' 0x1f41 // Telekinesis;@pushlist 'Trash' 0x1f42 // Teleport;@pushlist 'Trash' 0x1f43 // Unlock;@pushlist 'Trash' 0x1f44 // Wall of Stone;@pushlist 'Trash' 0x1f45 // Arch Cure;@pushlist 'Trash' 0x1f46 // Arch Protection;@pushlist 'Trash' 0x1f47 // Curse;@pushlist 'Trash' 0x1f48 // Fire Field;@pushlist 'Trash' 0x1f49 // Greater Heal;@pushlist 'Trash' 0x1f4a // Lightning;@pushlist 'Trash' 0x1f4b // Mana Drain;@pushlist 'Trash' 0x1f4c // Recall;@pushlist 'Trash' 0x1f4d // Blade Spirit;@pushlist 'Trash' 0x1f4e // Dispel Field;@pushlist 'Trash' 0x1f4f // Incognito;@pushlist 'Trash' 0x1f50 // Magic Reflection;@pushlist 'Trash' 0x1f51 // Mind Blast;@pushlist 'Trash' 0x1f52 // Paralyze;@pushlist 'Trash' 0x1f53 // Poison Field;@pushlist 'Trash' 0x1f54 // Summon Creature;@pushlist 'Trash' 0x1f55 // Dispel;@pushlist 'Trash' 0x1f56 // Energy Bolt;@pushlist 'Trash' 0x1f57 // Explosion;@pushlist 'Trash' 0x1f58 // Invisibility;@pushlist 'Trash' 0x1f59 // Mark;@pushlist 'Trash' 0x1f5a // Mass Curse;@pushlist 'Trash' 0x1f5b // Paralyze Field;@pushlist 'Trash' 0x1f5c // Reveal;@pushlist 'Trash' 0x1f5d // Chain Lightning;@pushlist 'Trash' 0x1f5e // Energy Field;@pushlist 'Trash' 0x1f5f // Flamestrike;@pushlist 'Trash' 0x1f60 // Gate Travel;@pushlist 'Trash' 0x1f61 // Mana Vampire;@pushlist 'Trash' 0x1f62 // Mass Dispel;@pushlist 'Trash' 0x1f63 // Meteor Swarm;@pushlist 'Trash' 0x1f64 // Polymorph;@pushlist 'Trash' 0x1f65 // Earthquake;@pushlist 'Trash' 0x1f66 // Energy Vortex;@pushlist 'Trash' 0x1f67 // Ressurrection;@pushlist 'Trash' 0x1f68 // Summon Air Elemental;@pushlist 'Trash' 0x1f69 // Summon Daemon;@pushlist 'Trash' 0x1f6a // Summon Earth Elemental;@pushlist 'Trash' 0x1f6b // Summon Fire Elemental;@pushlist 'Trash' 0x1f6c // Summon Water Elemental;//Regs;pushlist 'Loot' 0xf7a  // Black Pearl;pushlist 'Loot' 0xf7b  // Blood Moss;pushlist 'Loot' 0xf86  // Mandrake Root;pushlist 'Loot' 0xf84  // Garlic;pushlist 'Loot' 0xf85  // Ginseng;pushlist 'Loot' 0xf88  // Nightshade;pushlist 'Loot' 0xf8d  // Spider's Silk;pushlist 'Loot' 0xf8c  // Sulphurous Ash;//Gems;pushlist 'Loot' 0xf21 // Star Sapphire - RDA Fragment;pushlist 'Trash' 0xf16 // Amethyst;pushlist 'Trash' 0xf15 // Citrine;pushlist 'Trash' 0xf19 // Sapphire;pushlist 'Trash' 0xf25 // Amber;pushlist 'Trash' 0xf10 // Emerald;pushlist 'Trash' 0xf26 // Diamond;pushlist 'Trash' 0xf2d // Tourmaline;pushlist 'Trash' 0xf13 // Ruby;//Gold;pushlist 'Loot' 0xeed // Gold;//Axes;@pushlist 'Loot' 0xf45 //Executioner's Axe;@pushlist 'Loot' 0xf4d //Bardiche;@pushlist 'Loot' 0xf4b  //Double Axe;@pushlist 'Loot' 0x143e //Halberd;@pushlist 'Loot' 0x13fb //Large Battle Axe;@pushlist 'Loot' 0x1443 //Two Handed Axe;@pushlist 'Loot' 0xf47  //Battle Axe;@pushlist 'Loot' 0xf49  //Axe;@pushlist 'Trash' 0xe85  //Pickaxe;@pushlist 'Trash' 0xe86  //Pickaxe;@pushlist 'Trash' 0xf43 //Hatchet;// Swords;@pushlist 'Loot' 0x13b9 //Viking Sword;@pushlist 'Loot' 0xf61  //Longsword;@pushlist 'Loot' 0x1441 //Cutlass;@pushlist 'Loot' 0x13b6 //Scimitar;@pushlist 'Loot' 0xf5e  //Broadsword;@pushlist 'Loot' 0x13ff //Katana;@pushlist 'Trash' 0xec3  //Cleaver;@pushlist 'Trash' 0xec4  //Skinning Knife;@pushlist 'Trash' 0x13f6 //Butcher Knife;// Fencing;@pushlist 'Loot' 0xf62  //Spear;@pushlist 'Loot' 0x1403 //Short Spear;@pushlist 'Loot' 0xe87  //Pitchfork;@pushlist 'Loot' 0x1405 //Warfork;@pushlist 'Loot' 0x1401 //Kryss;@pushlist 'Trash' 0xf52  //Dagger;// Bows;@pushlist 'Loot' 0xf50 //Xbow;@pushlist 'Loot' 0x26c3;@pushlist 'Loot' 0x13fd //HeavyXbow;@pushlist 'Loot' 0x26c2;@pushlist 'Loot' 0x13b2 //bow;// Maces;@pushlist 'Loot' 0x13b0 //War axe;@pushlist 'Loot' 0x1439 //War Hammer;@pushlist 'Loot' 0x1407 //War Mace;@pushlist 'Loot' 0x143d //Hammer Pick;@pushlist 'Loot' 0x13b4 //Club;@pushlist 'Loot' 0xf5c  //Mace;@pushlist 'Loot' 0x143b //Maul;@pushlist 'Trash' 0xdf0  //Black Staff;@pushlist 'Trash' 0xe89  //Quarter Staff;@pushlist 'Trash' 0xe81  //Shepherds Crook;@pushlist 'Trash' 0x13f8 //Gnarled Staff;// Shields;@pushlist 'Trash' 0x1b72 //BronzeShields;@pushlist 'Trash' 0x1b73 //Buckler;@pushlist 'Trash' 0x1b7b //MetalShield;@pushlist 'Trash' 0x1b74 //Metal Kite Shield;@pushlist 'Trash' 0x1b79 //Tear Kite Shield;@pushlist 'Trash' 0x1b7a //WoodenShield;@pushlist 'Trash' 0x1b76 //HeaterShield;//Platemail;@pushlist 'Loot' 0x1408 //Close Helmet;@pushlist 'Loot' 0x1410 //Platemail Arms;@pushlist 'Loot' 0x1411 //Platemail Legs;@pushlist 'Loot' 0x1412 //Plate Helm;@pushlist 'Loot' 0x1413 //Plate Gorget;@pushlist 'Loot' 0x1414 //Platemail Gloves;@pushlist 'Loot' 0x1415 //Plate Chest;@pushlist 'Loot' 0x140a //Helmet;@pushlist 'Loot' 0x140c //Bascinet;@pushlist 'Loot' 0x140e //Norse Helm;//Chainmail;@pushlist 'Loot' 0x13bb //Chainmail Coif;@pushlist 'Loot' 0x13be //Chainmail Leggins;@pushlist 'Loot' 0x13bf //Chainmail Tunic;//Ringmail;@pushlist 'Loot' 0x13ee //Ringmail Sleeves;@pushlist 'Loot' 0x13eb //Ringmail Gloves;@pushlist 'Loot' 0x13ec //Ringmail Tunic;@pushlist 'Loot' 0x13f0 //Ringmail Leggins;//Studded;@pushlist 'Loot' 0x13da //Studded Leggings;@pushlist 'Loot' 0x13db //Studded Tunic;@pushlist 'Loot' 0x13d5 //Studded Gloves;@pushlist 'Loot' 0x13d6 //Studded Gorget;@pushlist 'Loot' 0x13dc //Studded Sleeves;//Leather;@pushlist 'Loot' 0x13c6 //Leather Gloves;@pushlist 'Loot' 0x13cd //Leather Sleeves;@pushlist 'Loot' 0x13cc //Leather Tunic;@pushlist 'Loot' 0x13cb //Leather Pants;@pushlist 'Loot' 0x13c7 //Leather Gorget;@pushlist 'Loot' 0x1db9 //Leather Cap;//Bone Armor;@pushlist 'Loot' 0x1451 //Bone Helm;@pushlist 'Loot' 0x144f //Bone Armor;@pushlist 'Loot' 0x1450 //Bone Gloves;@pushlist 'Loot' 0x1450 //Bone Leggings;@pushlist 'Loot' 0x1f0b //Orc Helm;//Female Armor;@pushlist 'Trash' 0x1c04 //Female Plate;@pushlist 'Trash' 0x1c0c //Female Studded Bustier;@pushlist 'Trash' 0x1c02 //Female Studded Armor;@pushlist 'Trash' 0x1c00 //Female Leather Shorts;@pushlist 'Trash' 0x1c08 //Female Leather Skirt;@pushlist 'Trash' 0x1c06 //Female Leather Armor;@pushlist 'Trash' 0x1c0a //Female Leather Bustier;//Other;@pushlist 'Trash' 0x1713 //Straw hat;@pushlist 'Trash' 0x1717 ////Straw hat2;@pushlist 'Trash' 0x1540 //Bandana;@pushlist 'Trash' 0x1544 //SkullCap;@pushlist 'Trash' 0x1714 //Wide brim hat;@pushlist 'Trash' 0x171a //Feathered hat;for 0 to 'Trash';while @movetype Trash[] 'Treasure Chest' 'Trash';pause 600;endwhile;endfor;//for 0 to 'Regs_Gems';//  while @movetype Regs_Gems[] 'Treasure Chest' 'Regs_Gems';//    pause 600;//  endwhile;//endfor;for 0 to 'Loot';while @movetype Loot[] 'Treasure Chest' 'Loot';pause 600;endwhile;endfor;headmsg 'Macro Done';stop;</macro>
  <macro loop="True" name="6ItemID Sort" interrupt="True">unsetalias 'frombag';unsetalias 'tobag';unsetalias 'toawesomebag';if not @findobject 'frombag';headmsg 'Select From Bag';promptalias 'frombag';endif;pause 700;if not @findobject 'tobag';headmsg 'Select Sell/To Bag';promptalias 'tobag';endif;pause 700;if not @findobject 'toawesomebag';headmsg 'Select Awesome Bag';promptalias 'toawesomebag';endif;pause 700;if not listexists 'ItemTypes';createlist 'ItemTypes';endif;useobject 'frombag';pause 600;useobject 'tobag';pause 600;useobject 'toawesomebag';pause 600;//Other missed;@pushlist 'ItemTypes' 0x1451 //Bone Helm;@pushlist 'ItemTypes' 0x144f //Bone Armor;@pushlist 'ItemTypes' 0x1450 //Bone Gloves;@pushlist 'ItemTypes' 0x1450 //Bone Leggings;@pushlist 'ItemTypes' 0x144e //Bone Arms;@pushlist 'ItemTypes' 0x1f0b //Orc Helm;//Shields;@pushlist 'ItemTypes' 0x1b72 //BronzeShields;@pushlist 'ItemTypes' 0x1b73 //Buckler;@pushlist 'ItemTypes' 0x1b7b //MetalShield;@pushlist 'ItemTypes' 0x1b74 //Metal Kite Shield;@pushlist 'ItemTypes' 0x1b79 //Tear Kite Shield;@pushlist 'ItemTypes' 0x1b7a //WoodenShield;@pushlist 'ItemTypes' 0x1b76 //HeaterShield;//Platemail;@pushlist 'ItemTypes' 0x1408 //Close Helmet;@pushlist 'ItemTypes' 0x1410 //Platemail Arms;@pushlist 'ItemTypes' 0x1411 //Platemail Legs;@pushlist 'ItemTypes' 0x1412 //Plate Helm;@pushlist 'ItemTypes' 0x1413 //Plate Gorget;@pushlist 'ItemTypes' 0x1414 //Platemail Gloves;@pushlist 'ItemTypes' 0x1415 //Plate Chest;@pushlist 'ItemTypes' 0x140a //Helmet;@pushlist 'ItemTypes' 0x140c //Bascinet;@pushlist 'ItemTypes' 0x140e //Norse Helm;//Chainmail;@pushlist 'ItemTypes' 0x13bb //Chainmail Coif;@pushlist 'ItemTypes' 0x13be //Chainmail Leggins;@pushlist 'ItemTypes' 0x13bf //Chainmail Tunic;//Ringmail;@pushlist 'ItemTypes' 0x13ee //Ringmail Sleeves;@pushlist 'ItemTypes' 0x13eb //Ringmail Gloves;@pushlist 'ItemTypes' 0x13ec //Ringmail Tunic;@pushlist 'ItemTypes' 0x13f0 //Ringmail Leggins;//Studded;@pushlist 'ItemTypes' 0x13da //Studded Leggings;@pushlist 'ItemTypes' 0x13db //Studded Tunic;@pushlist 'ItemTypes' 0x13d5 //Studded Gloves;@pushlist 'ItemTypes' 0x13d6 //Studded Gorget;@pushlist 'ItemTypes' 0x13dc //Studded Sleeves;//Leather;@pushlist 'ItemTypes' 0x13c6 //Leather Gloves;@pushlist 'ItemTypes' 0x13cd //Leather Sleeves;@pushlist 'ItemTypes' 0x13cc //Leather Tunic;@pushlist 'ItemTypes' 0x13cb //Leather Pants;@pushlist 'ItemTypes' 0x13c7 //Leather Gorget;@pushlist 'ItemTypes' 0x1db9 //Leather Cap;//Female Armor;@pushlist 'ItemTypes' 0x1c04 //Female Plate;@pushlist 'ItemTypes' 0x1c0c //Female Studded Bustier;@pushlist 'ItemTypes' 0x1c02 //Female Studded Armor;@pushlist 'ItemTypes' 0x1c00 //Female Leather Shorts;@pushlist 'ItemTypes' 0x1c08 //Female Leather Skirt;@pushlist 'ItemTypes' 0x1c06 //Female Leather Armor;@pushlist 'ItemTypes' 0x1c0a //Female Leather Bustier;//Fencing;@pushlist 'ItemTypes' 0xf62  //Spear;@pushlist 'ItemTypes' 0x1403 //Short Spear;@pushlist 'ItemTypes' 0xe87  //Pitchfork;@pushlist 'ItemTypes' 0x1405 //Warfork;@pushlist 'ItemTypes' 0x1401 //Kryss;@pushlist 'ItemTypes' 0xf52  //Dagger;//Macing;@pushlist 'ItemTypes' 0x13b0 //War axe;@pushlist 'ItemTypes' 0xdf0  //Black Staff;@pushlist 'ItemTypes' 0x1439 //War Hammer;@pushlist 'ItemTypes' 0x1407 //War Mace;@pushlist 'ItemTypes' 0xe89  //Quarter Staff;@pushlist 'ItemTypes' 0x143d //Hammer Pick;@pushlist 'ItemTypes' 0x13b4 //Club;@pushlist 'ItemTypes' 0xe81  //Shepherds Crook;@pushlist 'ItemTypes' 0x13f8 //Gnarled Staff;@pushlist 'ItemTypes' 0xf5c  //Mace;@pushlist 'ItemTypes' 0x143b //Maul;//Swords;@pushlist 'ItemTypes' 0x13b9 //Viking Sword;@pushlist 'ItemTypes' 0xf61  //Longsword;@pushlist 'ItemTypes' 0x1441 //Cutlass;@pushlist 'ItemTypes' 0x13b6 //Scimitar;@pushlist 'ItemTypes' 0xec4  //Skinning Knife;@pushlist 'ItemTypes' 0x13f6 //Butcher Knife;@pushlist 'ItemTypes' 0xf5e  //Broadsword;@pushlist 'ItemTypes' 0x13ff //Katana;@pushlist 'ItemTypes' 0xec3  //Cleaver;//Axes;@pushlist 'ItemTypes' 0xf43 //Hatchet;@pushlist 'ItemTypes' 0xf45 //Executioner's Axe;@pushlist 'ItemTypes' 0xf4d //Bardiche;@pushlist 'ItemTypes' 0xf4b  //Double Axe;@pushlist 'ItemTypes' 0x143e //Halberd;@pushlist 'ItemTypes' 0x13fb //Large Battle Axe;@pushlist 'ItemTypes' 0x1443 //Two Handed Axe;@pushlist 'ItemTypes' 0xf47  //Battle Axe;@pushlist 'ItemTypes' 0xf49  //Axe;@pushlist 'ItemTypes' 0xe85  //Pickaxe;@pushlist 'ItemTypes' 0xe86  //Pickaxe;//Bows;@pushlist 'ItemTypes' 0x13fd //HeavyXbow;@pushlist 'ItemTypes' 0xf50  //Xbow;@pushlist 'ItemTypes' 0x13b2 //bow;for 0 to 'ItemTypes';while @findtype 'ItemTypes[]' 'any' 'frombag';@clearjournal;//note: I had to move items to the tobag id'ing else it id's twice;moveitem 'found' 'tobag';//note I tried to use clickobject and injournal to see if the object was [Unidentified] and it doesn't seem to work.. dunno why?;useskill 'Item Identification';pause 1500;waitfortarget 15000;target! 'found';pause 1500;if @injournal 'Vanquishing' 'system';moveitem 'found' 'toawesomebag';headmsg 'Vanquishing';@clearjournal;elseif @injournal 'Power' 'system';moveitem 'found' 'toawesomebag';headmsg 'Power';@clearjournal;elseif @injournal 'Invulnerability' 'system';moveitem 'found' 'toawesomebag';headmsg 'Invulnerability';@clearjournal;elseif @injournal 'Fortification' 'system';moveitem 'found' 'toawesomebag';headmsg 'Fortification';@clearjournal;elseif @injournal 'Slayer' 'system';moveitem 'found' 'toawesomebag';headmsg 'Fortification';@clearjournal;endif;@clearjournal;if weight >= maxweight;headmsg 'Go and sell this crap';stop;endif;endwhile;endfor;stop;</macro>
 </macros>
 <scavenger enabled="False">
  <scavenge graphic="0x1ce1" enabled="True" color="0x0"/>
  <scavenge graphic="0x14f0" enabled="True" color="0x481"/>
  <scavenge graphic="0xeed" enabled="True" color="0x0"/>
 </scavenger>
 <autoloot>
  <enabled>False</enabled>
  <container>0xffffffff</container>
  <guards>False</guards>
 </autoloot>
 <organizer>
  <group stack="False" complete="False" loop="False" name="Regs 50 Bandage 100" source="0x6175650" target="0x773a2acc">
   <item graphic="0xf7b" amount="0x32"/>
   <item graphic="0xf86" amount="0x32"/>
   <item graphic="0xf7a" amount="0x32"/>
   <item graphic="0xf88" amount="0x32"/>
   <item graphic="0xf8c" amount="0x32"/>
   <item graphic="0xf85" amount="0x32"/>
   <item graphic="0xf84" amount="0x32"/>
   <item graphic="0xf8d" amount="0x32"/>
   <item graphic="0xe21" amount="0x64"/>
  </group>
  <group stack="False" complete="False" loop="False" name="Regs Recall 150" source="0x6175650" target="0x773a2acc">
   <item graphic="0xf7b" amount="0x96"/>
   <item graphic="0xf86" amount="0x96"/>
   <item graphic="0xf7a" amount="0x96"/>
  </group>
  <group stack="False" complete="False" loop="False" name="Regs100 Bandage100" source="0x6175650" target="0x773a2acc">
   <item graphic="0xf7b" amount="0x64"/>
   <item graphic="0xf86" amount="0x64"/>
   <item graphic="0xf7a" amount="0x64"/>
   <item graphic="0xf88" amount="0x64"/>
   <item graphic="0xf8c" amount="0x64"/>
   <item graphic="0xf85" amount="0x64"/>
   <item graphic="0xf84" amount="0x64"/>
   <item graphic="0xf8d" amount="0x64"/>
   <item graphic="0xe21" amount="0x64"/>
  </group>
  <group stack="False" complete="False" loop="False" name="Recall Runes" source="0x6175650" target="0x773a2acc">
   <item graphic="0x1f14" amount="0x0"/>
  </group>
 </organizer>
 <spellgrid>
  <grid name="Magery Grid" enabled="True" x="576" y="807" locked="True"/>
 </spellgrid>
</profile>
